referral_id,from_state_medexa,to_state_medexa,transitioned_at,note
7e33d4d6-1612-4783-ae2d-96a8a80c6975,,SENT,2026-08-01T10:00:00+00:00,Referral progressed to SENT
98e2b960-159d-4f32-848c-aaaea49a8eb3,,SENT,2026-08-01T10:00:00+00:00,Referral progressed to SENT
98e2b960-159d-4f32-848c-aaaea49a8eb3,SENT,RECEIVED,2026-08-06T10:00:00+00:00,Referral progressed to RECEIVED
efaefbc5-18f5-4723-b8ae-4c64b33d7015,,SENT,2026-08-01T10:00:00+00:00,Referral progressed to SENT
efaefbc5-18f5-4723-b8ae-4c64b33d7015,SENT,ACCEPTED,2026-08-06T10:00:00+00:00,Referral progressed to ACCEPTED
244d0ad1-6584-436a-b544-ea14b15e82b0,,SENT,2026-08-01T10:00:00+00:00,Referral progressed to SENT
244d0ad1-6584-436a-b544-ea14b15e82b0,SENT,ACCEPTED,2026-08-06T10:00:00+00:00,Referral progressed to ACCEPTED
244d0ad1-6584-436a-b544-ea14b15e82b0,ACCEPTED,APPOINTMENT_QUEUED,2026-08-11T10:00:00+00:00,Referral progressed to APPOINTMENT_QUEUED
513aec7a-5afc-4fae-b145-142b95e49514,,SENT,2026-08-01T10:00:00+00:00,Referral progressed to SENT
513aec7a-5afc-4fae-b145-142b95e49514,SENT,EMERGENCY_ESCALATED,2026-08-06T10:00:00+00:00,Referral progressed to EMERGENCY_ESCALATED
726eaa8f-110b-4a50-94b1-7a89a19d2cdc,,SENT,2026-08-01T10:00:00+00:00,Referral progressed to SENT
726eaa8f-110b-4a50-94b1-7a89a19d2cdc,SENT,EMERGENCY_ESCALATED,2026-08-06T10:00:00+00:00,Referral progressed to EMERGENCY_ESCALATED
726eaa8f-110b-4a50-94b1-7a89a19d2cdc,EMERGENCY_ESCALATED,ACCEPTED,2026-08-11T10:00:00+00:00,Referral progressed to ACCEPTED
726eaa8f-110b-4a50-94b1-7a89a19d2cdc,ACCEPTED,CONSULTED,2026-08-16T10:00:00+00:00,Referral progressed to CONSULTED
cd6d4d88-6c71-46d6-9607-6fef9b41d7f6,,SENT,2026-08-01T10:00:00+00:00,Referral progressed to SENT
cd6d4d88-6c71-46d6-9607-6fef9b41d7f6,SENT,EMERGENCY_ESCALATED,2026-08-06T10:00:00+00:00,Referral progressed to EMERGENCY_ESCALATED
cd6d4d88-6c71-46d6-9607-6fef9b41d7f6,EMERGENCY_ESCALATED,ACCEPTED,2026-08-11T10:00:00+00:00,Referral progressed to ACCEPTED
cd6d4d88-6c71-46d6-9607-6fef9b41d7f6,ACCEPTED,CONSULTED,2026-08-16T10:00:00+00:00,Referral progressed to CONSULTED
cd6d4d88-6c71-46d6-9607-6fef9b41d7f6,CONSULTED,REFERRED_BACK,2026-08-21T10:00:00+00:00,Referral progressed to REFERRED_BACK
c452376b-a0a0-4fa6-803e-c3c18f78d261,,SENT,2026-08-01T10:00:00+00:00,Referral progressed to SENT
c452376b-a0a0-4fa6-803e-c3c18f78d261,SENT,EMERGENCY_ESCALATED,2026-08-06T10:00:00+00:00,Referral progressed to EMERGENCY_ESCALATED
c452376b-a0a0-4fa6-803e-c3c18f78d261,EMERGENCY_ESCALATED,ACCEPTED,2026-08-11T10:00:00+00:00,Referral progressed to ACCEPTED
c452376b-a0a0-4fa6-803e-c3c18f78d261,ACCEPTED,CONSULTED,2026-08-16T10:00:00+00:00,Referral progressed to CONSULTED
c452376b-a0a0-4fa6-803e-c3c18f78d261,CONSULTED,REFERRED_BACK,2026-08-21T10:00:00+00:00,Referral progressed to REFERRED_BACK
c452376b-a0a0-4fa6-803e-c3c18f78d261,REFERRED_BACK,FOLLOW_UP_DUE,2026-08-26T10:00:00+00:00,Referral progressed to FOLLOW_UP_DUE
99b5ec2e-d7db-416b-8751-7990a9609162,,SENT,2026-08-01T10:00:00+00:00,Referral progressed to SENT
99b5ec2e-d7db-416b-8751-7990a9609162,SENT,EMERGENCY_ESCALATED,2026-08-06T10:00:00+00:00,Referral progressed to EMERGENCY_ESCALATED
99b5ec2e-d7db-416b-8751-7990a9609162,EMERGENCY_ESCALATED,ACCEPTED,2026-08-11T10:00:00+00:00,Referral progressed to ACCEPTED
99b5ec2e-d7db-416b-8751-7990a9609162,ACCEPTED,CONSULTED,2026-08-16T10:00:00+00:00,Referral progressed to CONSULTED
99b5ec2e-d7db-416b-8751-7990a9609162,CONSULTED,REFERRED_BACK,2026-08-21T10:00:00+00:00,Referral progressed to REFERRED_BACK
99b5ec2e-d7db-416b-8751-7990a9609162,REFERRED_BACK,FOLLOW_UP_DUE,2026-08-26T10:00:00+00:00,Referral progressed to FOLLOW_UP_DUE
99b5ec2e-d7db-416b-8751-7990a9609162,FOLLOW_UP_DUE,FOLLOW_UP_COMPLETED,2026-08-31T10:00:00+00:00,Referral progressed to FOLLOW_UP_COMPLETED
c6454e31-5509-4a51-b8ee-f5f8298a69d2,,SENT,2026-08-01T10:00:00+00:00,Referral progressed to SENT
c6454e31-5509-4a51-b8ee-f5f8298a69d2,SENT,EMERGENCY_ESCALATED,2026-08-06T10:00:00+00:00,Referral progressed to EMERGENCY_ESCALATED
c6454e31-5509-4a51-b8ee-f5f8298a69d2,EMERGENCY_ESCALATED,ACCEPTED,2026-08-11T10:00:00+00:00,Referral progressed to ACCEPTED
c6454e31-5509-4a51-b8ee-f5f8298a69d2,ACCEPTED,CONSULTED,2026-08-16T10:00:00+00:00,Referral progressed to CONSULTED
c6454e31-5509-4a51-b8ee-f5f8298a69d2,CONSULTED,REFERRED_BACK,2026-08-21T10:00:00+00:00,Referral progressed to REFERRED_BACK
c6454e31-5509-4a51-b8ee-f5f8298a69d2,REFERRED_BACK,FOLLOW_UP_DUE,2026-08-26T10:00:00+00:00,Referral progressed to FOLLOW_UP_DUE
c6454e31-5509-4a51-b8ee-f5f8298a69d2,FOLLOW_UP_DUE,FOLLOW_UP_COMPLETED,2026-08-31T10:00:00+00:00,Referral progressed to FOLLOW_UP_COMPLETED
c6454e31-5509-4a51-b8ee-f5f8298a69d2,FOLLOW_UP_COMPLETED,CLOSED,2026-09-05T10:00:00+00:00,Referral progressed to CLOSED
78b57dc0-8f46-4eec-9bbe-c7ad7cc16cf1,,SENT,2026-08-01T10:00:00+00:00,Referral progressed to SENT
78b57dc0-8f46-4eec-9bbe-c7ad7cc16cf1,SENT,ACCEPTED,2026-08-06T10:00:00+00:00,Referral progressed to ACCEPTED
78b57dc0-8f46-4eec-9bbe-c7ad7cc16cf1,ACCEPTED,PATIENT_NO_SHOW,2026-08-11T10:00:00+00:00,Referral progressed to PATIENT_NO_SHOW
5d923f27-e4e2-4b19-a290-6faa8567a17c,,SENT,2026-08-01T10:00:00+00:00,Referral progressed to SENT
02eb21b8-9f5e-4ed8-ba6c-b98718b53ebe,,SENT,2026-08-01T10:00:00+00:00,Referral progressed to SENT
02eb21b8-9f5e-4ed8-ba6c-b98718b53ebe,SENT,RECEIVED,2026-08-06T10:00:00+00:00,Referral progressed to RECEIVED
ac989987-064f-40ba-9081-8bb8ac59be0d,,SENT,2026-08-01T10:00:00+00:00,Referral progressed to SENT
ac989987-064f-40ba-9081-8bb8ac59be0d,SENT,ACCEPTED,2026-08-06T10:00:00+00:00,Referral progressed to ACCEPTED
aa358b4b-dae2-419a-81dc-8c2c5a0d023c,,SENT,2026-08-01T10:00:00+00:00,Referral progressed to SENT
aa358b4b-dae2-419a-81dc-8c2c5a0d023c,SENT,ACCEPTED,2026-08-06T10:00:00+00:00,Referral progressed to ACCEPTED
aa358b4b-dae2-419a-81dc-8c2c5a0d023c,ACCEPTED,APPOINTMENT_QUEUED,2026-08-11T10:00:00+00:00,Referral progressed to APPOINTMENT_QUEUED
c5cfcccc-401b-4f8b-8111-010570818ffb,,SENT,2026-08-01T10:00:00+00:00,Referral progressed to SENT
c5cfcccc-401b-4f8b-8111-010570818ffb,SENT,EMERGENCY_ESCALATED,2026-08-06T10:00:00+00:00,Referral progressed to EMERGENCY_ESCALATED
24b6f119-6401-4309-bbdb-46fc2c8db952,,SENT,2026-08-01T10:00:00+00:00,Referral progressed to SENT
24b6f119-6401-4309-bbdb-46fc2c8db952,SENT,EMERGENCY_ESCALATED,2026-08-06T10:00:00+00:00,Referral progressed to EMERGENCY_ESCALATED
24b6f119-6401-4309-bbdb-46fc2c8db952,EMERGENCY_ESCALATED,ACCEPTED,2026-08-11T10:00:00+00:00,Referral progressed to ACCEPTED
24b6f119-6401-4309-bbdb-46fc2c8db952,ACCEPTED,CONSULTED,2026-08-16T10:00:00+00:00,Referral progressed to CONSULTED
6fde77da-c58b-4e85-ba48-8662ae1336e5,,SENT,2026-08-01T10:00:00+00:00,Referral progressed to SENT
6fde77da-c58b-4e85-ba48-8662ae1336e5,SENT,EMERGENCY_ESCALATED,2026-08-06T10:00:00+00:00,Referral progressed to EMERGENCY_ESCALATED
6fde77da-c58b-4e85-ba48-8662ae1336e5,EMERGENCY_ESCALATED,ACCEPTED,2026-08-11T10:00:00+00:00,Referral progressed to ACCEPTED
6fde77da-c58b-4e85-ba48-8662ae1336e5,ACCEPTED,CONSULTED,2026-08-16T10:00:00+00:00,Referral progressed to CONSULTED
6fde77da-c58b-4e85-ba48-8662ae1336e5,CONSULTED,REFERRED_BACK,2026-08-21T10:00:00+00:00,Referral progressed to REFERRED_BACK
6459d56e-c17f-4b29-ad59-de9b75d146e5,,SENT,2026-08-01T10:00:00+00:00,Referral progressed to SENT
6459d56e-c17f-4b29-ad59-de9b75d146e5,SENT,EMERGENCY_ESCALATED,2026-08-06T10:00:00+00:00,Referral progressed to EMERGENCY_ESCALATED
6459d56e-c17f-4b29-ad59-de9b75d146e5,EMERGENCY_ESCALATED,ACCEPTED,2026-08-11T10:00:00+00:00,Referral progressed to ACCEPTED
6459d56e-c17f-4b29-ad59-de9b75d146e5,ACCEPTED,CONSULTED,2026-08-16T10:00:00+00:00,Referral progressed to CONSULTED
6459d56e-c17f-4b29-ad59-de9b75d146e5,CONSULTED,REFERRED_BACK,2026-08-21T10:00:00+00:00,Referral progressed to REFERRED_BACK
6459d56e-c17f-4b29-ad59-de9b75d146e5,REFERRED_BACK,FOLLOW_UP_DUE,2026-08-26T10:00:00+00:00,Referral progressed to FOLLOW_UP_DUE
13b5f9a5-ebd6-45bd-a206-15c1a9d12bbe,,SENT,2026-08-01T10:00:00+00:00,Referral progressed to SENT
13b5f9a5-ebd6-45bd-a206-15c1a9d12bbe,SENT,EMERGENCY_ESCALATED,2026-08-06T10:00:00+00:00,Referral progressed to EMERGENCY_ESCALATED
13b5f9a5-ebd6-45bd-a206-15c1a9d12bbe,EMERGENCY_ESCALATED,ACCEPTED,2026-08-11T10:00:00+00:00,Referral progressed to ACCEPTED
13b5f9a5-ebd6-45bd-a206-15c1a9d12bbe,ACCEPTED,CONSULTED,2026-08-16T10:00:00+00:00,Referral progressed to CONSULTED
13b5f9a5-ebd6-45bd-a206-15c1a9d12bbe,CONSULTED,REFERRED_BACK,2026-08-21T10:00:00+00:00,Referral progressed to REFERRED_BACK
13b5f9a5-ebd6-45bd-a206-15c1a9d12bbe,REFERRED_BACK,FOLLOW_UP_DUE,2026-08-26T10:00:00+00:00,Referral progressed to FOLLOW_UP_DUE
13b5f9a5-ebd6-45bd-a206-15c1a9d12bbe,FOLLOW_UP_DUE,FOLLOW_UP_COMPLETED,2026-08-31T10:00:00+00:00,Referral progressed to FOLLOW_UP_COMPLETED
7c13621f-fa23-4ce3-9096-2afb8a54bc4e,,SENT,2026-08-01T10:00:00+00:00,Referral progressed to SENT
7c13621f-fa23-4ce3-9096-2afb8a54bc4e,SENT,EMERGENCY_ESCALATED,2026-08-06T10:00:00+00:00,Referral progressed to EMERGENCY_ESCALATED
7c13621f-fa23-4ce3-9096-2afb8a54bc4e,EMERGENCY_ESCALATED,ACCEPTED,2026-08-11T10:00:00+00:00,Referral progressed to ACCEPTED
7c13621f-fa23-4ce3-9096-2afb8a54bc4e,ACCEPTED,CONSULTED,2026-08-16T10:00:00+00:00,Referral progressed to CONSULTED
7c13621f-fa23-4ce3-9096-2afb8a54bc4e,CONSULTED,REFERRED_BACK,2026-08-21T10:00:00+00:00,Referral progressed to REFERRED_BACK
7c13621f-fa23-4ce3-9096-2afb8a54bc4e,REFERRED_BACK,FOLLOW_UP_DUE,2026-08-26T10:00:00+00:00,Referral progressed to FOLLOW_UP_DUE
7c13621f-fa23-4ce3-9096-2afb8a54bc4e,FOLLOW_UP_DUE,FOLLOW_UP_COMPLETED,2026-08-31T10:00:00+00:00,Referral progressed to FOLLOW_UP_COMPLETED
7c13621f-fa23-4ce3-9096-2afb8a54bc4e,FOLLOW_UP_COMPLETED,CLOSED,2026-09-05T10:00:00+00:00,Referral progressed to CLOSED
ad07a73f-3eb4-4595-94c2-491a17c0a987,,SENT,2026-08-01T10:00:00+00:00,Referral progressed to SENT
ad07a73f-3eb4-4595-94c2-491a17c0a987,SENT,ACCEPTED,2026-08-06T10:00:00+00:00,Referral progressed to ACCEPTED
ad07a73f-3eb4-4595-94c2-491a17c0a987,ACCEPTED,PATIENT_NO_SHOW,2026-08-11T10:00:00+00:00,Referral progressed to PATIENT_NO_SHOW
dcf3f059-ecf7-4f75-a5f0-03915eda898a,,SENT,2026-08-01T10:00:00+00:00,Referral progressed to SENT
1c427534-1edb-49fe-bb13-3168d95c9812,,SENT,2026-08-01T10:00:00+00:00,Referral progressed to SENT
1c427534-1edb-49fe-bb13-3168d95c9812,SENT,RECEIVED,2026-08-06T10:00:00+00:00,Referral progressed to RECEIVED
0db47e33-42b3-4309-be77-966112bd3502,,SENT,2026-08-01T10:00:00+00:00,Referral progressed to SENT
0db47e33-42b3-4309-be77-966112bd3502,SENT,ACCEPTED,2026-08-06T10:00:00+00:00,Referral progressed to ACCEPTED
832a7b8f-f256-4ba3-a882-08bf78043316,,SENT,2026-08-01T10:00:00+00:00,Referral progressed to SENT
832a7b8f-f256-4ba3-a882-08bf78043316,SENT,ACCEPTED,2026-08-06T10:00:00+00:00,Referral progressed to ACCEPTED
832a7b8f-f256-4ba3-a882-08bf78043316,ACCEPTED,APPOINTMENT_QUEUED,2026-08-11T10:00:00+00:00,Referral progressed to APPOINTMENT_QUEUED
2202a166-6165-4db0-abe7-a1a278171f1d,,SENT,2026-08-01T10:00:00+00:00,Referral progressed to SENT
2202a166-6165-4db0-abe7-a1a278171f1d,SENT,EMERGENCY_ESCALATED,2026-08-06T10:00:00+00:00,Referral progressed to EMERGENCY_ESCALATED
de1e50ee-3803-43c3-96ae-789b764954d5,,SENT,2026-08-01T10:00:00+00:00,Referral progressed to SENT
de1e50ee-3803-43c3-96ae-789b764954d5,SENT,EMERGENCY_ESCALATED,2026-08-06T10:00:00+00:00,Referral progressed to EMERGENCY_ESCALATED
de1e50ee-3803-43c3-96ae-789b764954d5,EMERGENCY_ESCALATED,ACCEPTED,2026-08-11T10:00:00+00:00,Referral progressed to ACCEPTED
de1e50ee-3803-43c3-96ae-789b764954d5,ACCEPTED,CONSULTED,2026-08-16T10:00:00+00:00,Referral progressed to CONSULTED
df782902-8205-4f9b-8823-1391ff49e92c,,SENT,2026-08-01T10:00:00+00:00,Referral progressed to SENT
df782902-8205-4f9b-8823-1391ff49e92c,SENT,EMERGENCY_ESCALATED,2026-08-06T10:00:00+00:00,Referral progressed to EMERGENCY_ESCALATED
df782902-8205-4f9b-8823-1391ff49e92c,EMERGENCY_ESCALATED,ACCEPTED,2026-08-11T10:00:00+00:00,Referral progressed to ACCEPTED
df782902-8205-4f9b-8823-1391ff49e92c,ACCEPTED,CONSULTED,2026-08-16T10:00:00+00:00,Referral progressed to CONSULTED
df782902-8205-4f9b-8823-1391ff49e92c,CONSULTED,REFERRED_BACK,2026-08-21T10:00:00+00:00,Referral progressed to REFERRED_BACK
8ea1a7bc-0b3e-44a3-89d4-9ac4e18de1fc,,SENT,2026-08-01T10:00:00+00:00,Referral progressed to SENT
8ea1a7bc-0b3e-44a3-89d4-9ac4e18de1fc,SENT,EMERGENCY_ESCALATED,2026-08-06T10:00:00+00:00,Referral progressed to EMERGENCY_ESCALATED
8ea1a7bc-0b3e-44a3-89d4-9ac4e18de1fc,EMERGENCY_ESCALATED,ACCEPTED,2026-08-11T10:00:00+00:00,Referral progressed to ACCEPTED
8ea1a7bc-0b3e-44a3-89d4-9ac4e18de1fc,ACCEPTED,CONSULTED,2026-08-16T10:00:00+00:00,Referral progressed to CONSULTED
8ea1a7bc-0b3e-44a3-89d4-9ac4e18de1fc,CONSULTED,REFERRED_BACK,2026-08-21T10:00:00+00:00,Referral progressed to REFERRED_BACK
8ea1a7bc-0b3e-44a3-89d4-9ac4e18de1fc,REFERRED_BACK,FOLLOW_UP_DUE,2026-08-26T10:00:00+00:00,Referral progressed to FOLLOW_UP_DUE
2524285b-2cb1-4fa3-89f3-945b8f65237d,,SENT,2026-08-01T10:00:00+00:00,Referral progressed to SENT
2524285b-2cb1-4fa3-89f3-945b8f65237d,SENT,EMERGENCY_ESCALATED,2026-08-06T10:00:00+00:00,Referral progressed to EMERGENCY_ESCALATED
2524285b-2cb1-4fa3-89f3-945b8f65237d,EMERGENCY_ESCALATED,ACCEPTED,2026-08-11T10:00:00+00:00,Referral progressed to ACCEPTED
2524285b-2cb1-4fa3-89f3-945b8f65237d,ACCEPTED,CONSULTED,2026-08-16T10:00:00+00:00,Referral progressed to CONSULTED
2524285b-2cb1-4fa3-89f3-945b8f65237d,CONSULTED,REFERRED_BACK,2026-08-21T10:00:00+00:00,Referral progressed to REFERRED_BACK
2524285b-2cb1-4fa3-89f3-945b8f65237d,REFERRED_BACK,FOLLOW_UP_DUE,2026-08-26T10:00:00+00:00,Referral progressed to FOLLOW_UP_DUE
2524285b-2cb1-4fa3-89f3-945b8f65237d,FOLLOW_UP_DUE,FOLLOW_UP_COMPLETED,2026-08-31T10:00:00+00:00,Referral progressed to FOLLOW_UP_COMPLETED
31bee0f8-7185-4999-b7fc-ac856f3177d2,,SENT,2026-08-01T10:00:00+00:00,Referral progressed to SENT
31bee0f8-7185-4999-b7fc-ac856f3177d2,SENT,EMERGENCY_ESCALATED,2026-08-06T10:00:00+00:00,Referral progressed to EMERGENCY_ESCALATED
31bee0f8-7185-4999-b7fc-ac856f3177d2,EMERGENCY_ESCALATED,ACCEPTED,2026-08-11T10:00:00+00:00,Referral progressed to ACCEPTED
31bee0f8-7185-4999-b7fc-ac856f3177d2,ACCEPTED,CONSULTED,2026-08-16T10:00:00+00:00,Referral progressed to CONSULTED
31bee0f8-7185-4999-b7fc-ac856f3177d2,CONSULTED,REFERRED_BACK,2026-08-21T10:00:00+00:00,Referral progressed to REFERRED_BACK
31bee0f8-7185-4999-b7fc-ac856f3177d2,REFERRED_BACK,FOLLOW_UP_DUE,2026-08-26T10:00:00+00:00,Referral progressed to FOLLOW_UP_DUE
31bee0f8-7185-4999-b7fc-ac856f3177d2,FOLLOW_UP_DUE,FOLLOW_UP_COMPLETED,2026-08-31T10:00:00+00:00,Referral progressed to FOLLOW_UP_COMPLETED
31bee0f8-7185-4999-b7fc-ac856f3177d2,FOLLOW_UP_COMPLETED,CLOSED,2026-09-05T10:00:00+00:00,Referral progressed to CLOSED
8a6d287c-639d-43df-adb3-f55990358378,,SENT,2026-08-01T10:00:00+00:00,Referral progressed to SENT
8a6d287c-639d-43df-adb3-f55990358378,SENT,ACCEPTED,2026-08-06T10:00:00+00:00,Referral progressed to ACCEPTED
8a6d287c-639d-43df-adb3-f55990358378,ACCEPTED,PATIENT_NO_SHOW,2026-08-11T10:00:00+00:00,Referral progressed to PATIENT_NO_SHOW
7f8cfcc9-51b6-4d43-b271-c070e1993bd6,,SENT,2026-08-01T10:00:00+00:00,Referral progressed to SENT
68540b36-f46a-4a40-9782-d73467392fc6,,SENT,2026-08-01T10:00:00+00:00,Referral progressed to SENT
68540b36-f46a-4a40-9782-d73467392fc6,SENT,RECEIVED,2026-08-06T10:00:00+00:00,Referral progressed to RECEIVED
4bf8ce0c-6dc6-4076-9d06-fb76a52f29e3,,SENT,2026-08-01T10:00:00+00:00,Referral progressed to SENT
4bf8ce0c-6dc6-4076-9d06-fb76a52f29e3,SENT,ACCEPTED,2026-08-06T10:00:00+00:00,Referral progressed to ACCEPTED
31049cdc-7335-431c-831a-9ba504acb320,,SENT,2026-08-01T10:00:00+00:00,Referral progressed to SENT
31049cdc-7335-431c-831a-9ba504acb320,SENT,ACCEPTED,2026-08-06T10:00:00+00:00,Referral progressed to ACCEPTED
31049cdc-7335-431c-831a-9ba504acb320,ACCEPTED,APPOINTMENT_QUEUED,2026-08-11T10:00:00+00:00,Referral progressed to APPOINTMENT_QUEUED
389a1b8b-9d7e-4030-b97e-09481b42d9e2,,SENT,2026-08-01T10:00:00+00:00,Referral progressed to SENT
389a1b8b-9d7e-4030-b97e-09481b42d9e2,SENT,EMERGENCY_ESCALATED,2026-08-06T10:00:00+00:00,Referral progressed to EMERGENCY_ESCALATED
635938bc-e2e1-4364-939a-7956ba7d0464,,SENT,2026-08-01T10:00:00+00:00,Referral progressed to SENT
635938bc-e2e1-4364-939a-7956ba7d0464,SENT,EMERGENCY_ESCALATED,2026-08-06T10:00:00+00:00,Referral progressed to EMERGENCY_ESCALATED
635938bc-e2e1-4364-939a-7956ba7d0464,EMERGENCY_ESCALATED,ACCEPTED,2026-08-11T10:00:00+00:00,Referral progressed to ACCEPTED
635938bc-e2e1-4364-939a-7956ba7d0464,ACCEPTED,CONSULTED,2026-08-16T10:00:00+00:00,Referral progressed to CONSULTED
926417ca-de46-4523-a263-67a332074083,,SENT,2026-08-01T10:00:00+00:00,Referral progressed to SENT
926417ca-de46-4523-a263-67a332074083,SENT,EMERGENCY_ESCALATED,2026-08-06T10:00:00+00:00,Referral progressed to EMERGENCY_ESCALATED
926417ca-de46-4523-a263-67a332074083,EMERGENCY_ESCALATED,ACCEPTED,2026-08-11T10:00:00+00:00,Referral progressed to ACCEPTED
926417ca-de46-4523-a263-67a332074083,ACCEPTED,CONSULTED,2026-08-16T10:00:00+00:00,Referral progressed to CONSULTED
926417ca-de46-4523-a263-67a332074083,CONSULTED,REFERRED_BACK,2026-08-21T10:00:00+00:00,Referral progressed to REFERRED_BACK
25d5b307-82c8-409a-ac6d-c536180cf480,,SENT,2026-08-01T10:00:00+00:00,Referral progressed to SENT
25d5b307-82c8-409a-ac6d-c536180cf480,SENT,EMERGENCY_ESCALATED,2026-08-06T10:00:00+00:00,Referral progressed to EMERGENCY_ESCALATED
25d5b307-82c8-409a-ac6d-c536180cf480,EMERGENCY_ESCALATED,ACCEPTED,2026-08-11T10:00:00+00:00,Referral progressed to ACCEPTED
25d5b307-82c8-409a-ac6d-c536180cf480,ACCEPTED,CONSULTED,2026-08-16T10:00:00+00:00,Referral progressed to CONSULTED
25d5b307-82c8-409a-ac6d-c536180cf480,CONSULTED,REFERRED_BACK,2026-08-21T10:00:00+00:00,Referral progressed to REFERRED_BACK
25d5b307-82c8-409a-ac6d-c536180cf480,REFERRED_BACK,FOLLOW_UP_DUE,2026-08-26T10:00:00+00:00,Referral progressed to FOLLOW_UP_DUE
853fd897-b0dd-41b8-9811-295b5c138bc8,,SENT,2026-08-01T10:00:00+00:00,Referral progressed to SENT
853fd897-b0dd-41b8-9811-295b5c138bc8,SENT,EMERGENCY_ESCALATED,2026-08-06T10:00:00+00:00,Referral progressed to EMERGENCY_ESCALATED
853fd897-b0dd-41b8-9811-295b5c138bc8,EMERGENCY_ESCALATED,ACCEPTED,2026-08-11T10:00:00+00:00,Referral progressed to ACCEPTED
853fd897-b0dd-41b8-9811-295b5c138bc8,ACCEPTED,CONSULTED,2026-08-16T10:00:00+00:00,Referral progressed to CONSULTED
853fd897-b0dd-41b8-9811-295b5c138bc8,CONSULTED,REFERRED_BACK,2026-08-21T10:00:00+00:00,Referral progressed to REFERRED_BACK
853fd897-b0dd-41b8-9811-295b5c138bc8,REFERRED_BACK,FOLLOW_UP_DUE,2026-08-26T10:00:00+00:00,Referral progressed to FOLLOW_UP_DUE
853fd897-b0dd-41b8-9811-295b5c138bc8,FOLLOW_UP_DUE,FOLLOW_UP_COMPLETED,2026-08-31T10:00:00+00:00,Referral progressed to FOLLOW_UP_COMPLETED
26cbf8e0-f0a0-47c8-9737-2aead56c2f8d,,SENT,2026-08-01T10:00:00+00:00,Referral progressed to SENT
26cbf8e0-f0a0-47c8-9737-2aead56c2f8d,SENT,EMERGENCY_ESCALATED,2026-08-06T10:00:00+00:00,Referral progressed to EMERGENCY_ESCALATED
26cbf8e0-f0a0-47c8-9737-2aead56c2f8d,EMERGENCY_ESCALATED,ACCEPTED,2026-08-11T10:00:00+00:00,Referral progressed to ACCEPTED
26cbf8e0-f0a0-47c8-9737-2aead56c2f8d,ACCEPTED,CONSULTED,2026-08-16T10:00:00+00:00,Referral progressed to CONSULTED
26cbf8e0-f0a0-47c8-9737-2aead56c2f8d,CONSULTED,REFERRED_BACK,2026-08-21T10:00:00+00:00,Referral progressed to REFERRED_BACK
26cbf8e0-f0a0-47c8-9737-2aead56c2f8d,REFERRED_BACK,FOLLOW_UP_DUE,2026-08-26T10:00:00+00:00,Referral progressed to FOLLOW_UP_DUE
26cbf8e0-f0a0-47c8-9737-2aead56c2f8d,FOLLOW_UP_DUE,FOLLOW_UP_COMPLETED,2026-08-31T10:00:00+00:00,Referral progressed to FOLLOW_UP_COMPLETED
26cbf8e0-f0a0-47c8-9737-2aead56c2f8d,FOLLOW_UP_COMPLETED,CLOSED,2026-09-05T10:00:00+00:00,Referral progressed to CLOSED
04ea5145-35dd-4888-acd7-2ac72163a35f,,SENT,2026-08-01T10:00:00+00:00,Referral progressed to SENT
04ea5145-35dd-4888-acd7-2ac72163a35f,SENT,ACCEPTED,2026-08-06T10:00:00+00:00,Referral progressed to ACCEPTED
04ea5145-35dd-4888-acd7-2ac72163a35f,ACCEPTED,PATIENT_NO_SHOW,2026-08-11T10:00:00+00:00,Referral progressed to PATIENT_NO_SHOW
afeba563-73e6-4600-8de4-cb40f159a0bf,,SENT,2026-08-01T10:00:00+00:00,Referral progressed to SENT
e82f4198-b2d3-4a1b-b721-d01d9f8d8eba,,SENT,2026-08-01T10:00:00+00:00,Referral progressed to SENT
e82f4198-b2d3-4a1b-b721-d01d9f8d8eba,SENT,RECEIVED,2026-08-06T10:00:00+00:00,Referral progressed to RECEIVED
1151c7c5-d38d-497d-b580-0d00e9c707e5,,SENT,2026-08-01T10:00:00+00:00,Referral progressed to SENT
1151c7c5-d38d-497d-b580-0d00e9c707e5,SENT,ACCEPTED,2026-08-06T10:00:00+00:00,Referral progressed to ACCEPTED
88ae41c7-667a-43c0-96c4-ee39eec09590,,SENT,2026-08-01T10:00:00+00:00,Referral progressed to SENT
88ae41c7-667a-43c0-96c4-ee39eec09590,SENT,ACCEPTED,2026-08-06T10:00:00+00:00,Referral progressed to ACCEPTED
88ae41c7-667a-43c0-96c4-ee39eec09590,ACCEPTED,APPOINTMENT_QUEUED,2026-08-11T10:00:00+00:00,Referral progressed to APPOINTMENT_QUEUED
9be0dbe8-c6ed-42cc-b30c-c2dd06898b50,,SENT,2026-08-01T10:00:00+00:00,Referral progressed to SENT
9be0dbe8-c6ed-42cc-b30c-c2dd06898b50,SENT,EMERGENCY_ESCALATED,2026-08-06T10:00:00+00:00,Referral progressed to EMERGENCY_ESCALATED
8436fb11-c6f7-476e-a9ff-c3832b49b56e,,SENT,2026-08-01T10:00:00+00:00,Referral progressed to SENT
8436fb11-c6f7-476e-a9ff-c3832b49b56e,SENT,EMERGENCY_ESCALATED,2026-08-06T10:00:00+00:00,Referral progressed to EMERGENCY_ESCALATED
8436fb11-c6f7-476e-a9ff-c3832b49b56e,EMERGENCY_ESCALATED,ACCEPTED,2026-08-11T10:00:00+00:00,Referral progressed to ACCEPTED
8436fb11-c6f7-476e-a9ff-c3832b49b56e,ACCEPTED,CONSULTED,2026-08-16T10:00:00+00:00,Referral progressed to CONSULTED
8e0bce4f-f69e-4076-aee5-46b76451762d,,SENT,2026-08-01T10:00:00+00:00,Referral progressed to SENT
8e0bce4f-f69e-4076-aee5-46b76451762d,SENT,EMERGENCY_ESCALATED,2026-08-06T10:00:00+00:00,Referral progressed to EMERGENCY_ESCALATED
8e0bce4f-f69e-4076-aee5-46b76451762d,EMERGENCY_ESCALATED,ACCEPTED,2026-08-11T10:00:00+00:00,Referral progressed to ACCEPTED
8e0bce4f-f69e-4076-aee5-46b76451762d,ACCEPTED,CONSULTED,2026-08-16T10:00:00+00:00,Referral progressed to CONSULTED
8e0bce4f-f69e-4076-aee5-46b76451762d,CONSULTED,REFERRED_BACK,2026-08-21T10:00:00+00:00,Referral progressed to REFERRED_BACK
d27cf5c9-26b3-4195-8d9d-a8d91934052b,,SENT,2026-08-01T10:00:00+00:00,Referral progressed to SENT
d27cf5c9-26b3-4195-8d9d-a8d91934052b,SENT,EMERGENCY_ESCALATED,2026-08-06T10:00:00+00:00,Referral progressed to EMERGENCY_ESCALATED
d27cf5c9-26b3-4195-8d9d-a8d91934052b,EMERGENCY_ESCALATED,ACCEPTED,2026-08-11T10:00:00+00:00,Referral progressed to ACCEPTED
d27cf5c9-26b3-4195-8d9d-a8d91934052b,ACCEPTED,CONSULTED,2026-08-16T10:00:00+00:00,Referral progressed to CONSULTED
d27cf5c9-26b3-4195-8d9d-a8d91934052b,CONSULTED,REFERRED_BACK,2026-08-21T10:00:00+00:00,Referral progressed to REFERRED_BACK
d27cf5c9-26b3-4195-8d9d-a8d91934052b,REFERRED_BACK,FOLLOW_UP_DUE,2026-08-26T10:00:00+00:00,Referral progressed to FOLLOW_UP_DUE
e1dbb2c2-2e10-425f-9cb0-87e00a3de695,,SENT,2026-08-01T10:00:00+00:00,Referral progressed to SENT
e1dbb2c2-2e10-425f-9cb0-87e00a3de695,SENT,EMERGENCY_ESCALATED,2026-08-06T10:00:00+00:00,Referral progressed to EMERGENCY_ESCALATED
e1dbb2c2-2e10-425f-9cb0-87e00a3de695,EMERGENCY_ESCALATED,ACCEPTED,2026-08-11T10:00:00+00:00,Referral progressed to ACCEPTED
e1dbb2c2-2e10-425f-9cb0-87e00a3de695,ACCEPTED,CONSULTED,2026-08-16T10:00:00+00:00,Referral progressed to CONSULTED
e1dbb2c2-2e10-425f-9cb0-87e00a3de695,CONSULTED,REFERRED_BACK,2026-08-21T10:00:00+00:00,Referral progressed to REFERRED_BACK
e1dbb2c2-2e10-425f-9cb0-87e00a3de695,REFERRED_BACK,FOLLOW_UP_DUE,2026-08-26T10:00:00+00:00,Referral progressed to FOLLOW_UP_DUE
e1dbb2c2-2e10-425f-9cb0-87e00a3de695,FOLLOW_UP_DUE,FOLLOW_UP_COMPLETED,2026-08-31T10:00:00+00:00,Referral progressed to FOLLOW_UP_COMPLETED
4d18e5aa-a571-4b1c-bcef-3e854402d6e6,,SENT,2026-08-01T10:00:00+00:00,Referral progressed to SENT
4d18e5aa-a571-4b1c-bcef-3e854402d6e6,SENT,EMERGENCY_ESCALATED,2026-08-06T10:00:00+00:00,Referral progressed to EMERGENCY_ESCALATED
4d18e5aa-a571-4b1c-bcef-3e854402d6e6,EMERGENCY_ESCALATED,ACCEPTED,2026-08-11T10:00:00+00:00,Referral progressed to ACCEPTED
4d18e5aa-a571-4b1c-bcef-3e854402d6e6,ACCEPTED,CONSULTED,2026-08-16T10:00:00+00:00,Referral progressed to CONSULTED
4d18e5aa-a571-4b1c-bcef-3e854402d6e6,CONSULTED,REFERRED_BACK,2026-08-21T10:00:00+00:00,Referral progressed to REFERRED_BACK
4d18e5aa-a571-4b1c-bcef-3e854402d6e6,REFERRED_BACK,FOLLOW_UP_DUE,2026-08-26T10:00:00+00:00,Referral progressed to FOLLOW_UP_DUE
4d18e5aa-a571-4b1c-bcef-3e854402d6e6,FOLLOW_UP_DUE,FOLLOW_UP_COMPLETED,2026-08-31T10:00:00+00:00,Referral progressed to FOLLOW_UP_COMPLETED
4d18e5aa-a571-4b1c-bcef-3e854402d6e6,FOLLOW_UP_COMPLETED,CLOSED,2026-09-05T10:00:00+00:00,Referral progressed to CLOSED
672573e0-5307-4561-b649-48d29270e911,,SENT,2026-08-01T10:00:00+00:00,Referral progressed to SENT
672573e0-5307-4561-b649-48d29270e911,SENT,ACCEPTED,2026-08-06T10:00:00+00:00,Referral progressed to ACCEPTED
672573e0-5307-4561-b649-48d29270e911,ACCEPTED,PATIENT_NO_SHOW,2026-08-11T10:00:00+00:00,Referral progressed to PATIENT_NO_SHOW
b0b8c401-5091-4e90-bfe7-0427aa0160f3,,SENT,2026-08-01T10:00:00+00:00,Referral progressed to SENT
79d65d6d-4ed1-45cb-9e97-3362b296500a,,SENT,2026-08-01T10:00:00+00:00,Referral progressed to SENT
79d65d6d-4ed1-45cb-9e97-3362b296500a,SENT,RECEIVED,2026-08-06T10:00:00+00:00,Referral progressed to RECEIVED
e2a13684-2601-4b10-97fb-86ab3220365a,,SENT,2026-08-01T10:00:00+00:00,Referral progressed to SENT
e2a13684-2601-4b10-97fb-86ab3220365a,SENT,ACCEPTED,2026-08-06T10:00:00+00:00,Referral progressed to ACCEPTED
55eb882a-3995-4a90-8040-fc6173169669,,SENT,2026-08-01T10:00:00+00:00,Referral progressed to SENT
55eb882a-3995-4a90-8040-fc6173169669,SENT,ACCEPTED,2026-08-06T10:00:00+00:00,Referral progressed to ACCEPTED
55eb882a-3995-4a90-8040-fc6173169669,ACCEPTED,APPOINTMENT_QUEUED,2026-08-11T10:00:00+00:00,Referral progressed to APPOINTMENT_QUEUED
109b1519-fe96-46c6-8ba6-215740128e3c,,SENT,2026-08-01T10:00:00+00:00,Referral progressed to SENT
109b1519-fe96-46c6-8ba6-215740128e3c,SENT,EMERGENCY_ESCALATED,2026-08-06T10:00:00+00:00,Referral progressed to EMERGENCY_ESCALATED
809fa339-0695-4107-b5ac-f63c91f5b802,,SENT,2026-08-01T10:00:00+00:00,Referral progressed to SENT
809fa339-0695-4107-b5ac-f63c91f5b802,SENT,EMERGENCY_ESCALATED,2026-08-06T10:00:00+00:00,Referral progressed to EMERGENCY_ESCALATED
809fa339-0695-4107-b5ac-f63c91f5b802,EMERGENCY_ESCALATED,ACCEPTED,2026-08-11T10:00:00+00:00,Referral progressed to ACCEPTED
809fa339-0695-4107-b5ac-f63c91f5b802,ACCEPTED,CONSULTED,2026-08-16T10:00:00+00:00,Referral progressed to CONSULTED
88623970-508d-47d0-b890-68a1e7ef6452,,SENT,2026-08-01T10:00:00+00:00,Referral progressed to SENT
88623970-508d-47d0-b890-68a1e7ef6452,SENT,EMERGENCY_ESCALATED,2026-08-06T10:00:00+00:00,Referral progressed to EMERGENCY_ESCALATED
88623970-508d-47d0-b890-68a1e7ef6452,EMERGENCY_ESCALATED,ACCEPTED,2026-08-11T10:00:00+00:00,Referral progressed to ACCEPTED
88623970-508d-47d0-b890-68a1e7ef6452,ACCEPTED,CONSULTED,2026-08-16T10:00:00+00:00,Referral progressed to CONSULTED
88623970-508d-47d0-b890-68a1e7ef6452,CONSULTED,REFERRED_BACK,2026-08-21T10:00:00+00:00,Referral progressed to REFERRED_BACK
c2397e6d-7324-4920-b74a-a1d87e6d26f7,,SENT,2026-08-01T10:00:00+00:00,Referral progressed to SENT
c2397e6d-7324-4920-b74a-a1d87e6d26f7,SENT,EMERGENCY_ESCALATED,2026-08-06T10:00:00+00:00,Referral progressed to EMERGENCY_ESCALATED
c2397e6d-7324-4920-b74a-a1d87e6d26f7,EMERGENCY_ESCALATED,ACCEPTED,2026-08-11T10:00:00+00:00,Referral progressed to ACCEPTED
c2397e6d-7324-4920-b74a-a1d87e6d26f7,ACCEPTED,CONSULTED,2026-08-16T10:00:00+00:00,Referral progressed to CONSULTED
c2397e6d-7324-4920-b74a-a1d87e6d26f7,CONSULTED,REFERRED_BACK,2026-08-21T10:00:00+00:00,Referral progressed to REFERRED_BACK
c2397e6d-7324-4920-b74a-a1d87e6d26f7,REFERRED_BACK,FOLLOW_UP_DUE,2026-08-26T10:00:00+00:00,Referral progressed to FOLLOW_UP_DUE
92366459-cfbf-4e1d-87f4-7a4d29738e7f,,SENT,2026-08-01T10:00:00+00:00,Referral progressed to SENT
92366459-cfbf-4e1d-87f4-7a4d29738e7f,SENT,EMERGENCY_ESCALATED,2026-08-06T10:00:00+00:00,Referral progressed to EMERGENCY_ESCALATED
92366459-cfbf-4e1d-87f4-7a4d29738e7f,EMERGENCY_ESCALATED,ACCEPTED,2026-08-11T10:00:00+00:00,Referral progressed to ACCEPTED
92366459-cfbf-4e1d-87f4-7a4d29738e7f,ACCEPTED,CONSULTED,2026-08-16T10:00:00+00:00,Referral progressed to CONSULTED
92366459-cfbf-4e1d-87f4-7a4d29738e7f,CONSULTED,REFERRED_BACK,2026-08-21T10:00:00+00:00,Referral progressed to REFERRED_BACK
92366459-cfbf-4e1d-87f4-7a4d29738e7f,REFERRED_BACK,FOLLOW_UP_DUE,2026-08-26T10:00:00+00:00,Referral progressed to FOLLOW_UP_DUE
92366459-cfbf-4e1d-87f4-7a4d29738e7f,FOLLOW_UP_DUE,FOLLOW_UP_COMPLETED,2026-08-31T10:00:00+00:00,Referral progressed to FOLLOW_UP_COMPLETED
4ead3839-cea3-4744-b8fd-81f56ce3a12b,,SENT,2026-08-01T10:00:00+00:00,Referral progressed to SENT
4ead3839-cea3-4744-b8fd-81f56ce3a12b,SENT,EMERGENCY_ESCALATED,2026-08-06T10:00:00+00:00,Referral progressed to EMERGENCY_ESCALATED
4ead3839-cea3-4744-b8fd-81f56ce3a12b,EMERGENCY_ESCALATED,ACCEPTED,2026-08-11T10:00:00+00:00,Referral progressed to ACCEPTED
4ead3839-cea3-4744-b8fd-81f56ce3a12b,ACCEPTED,CONSULTED,2026-08-16T10:00:00+00:00,Referral progressed to CONSULTED
4ead3839-cea3-4744-b8fd-81f56ce3a12b,CONSULTED,REFERRED_BACK,2026-08-21T10:00:00+00:00,Referral progressed to REFERRED_BACK
4ead3839-cea3-4744-b8fd-81f56ce3a12b,REFERRED_BACK,FOLLOW_UP_DUE,2026-08-26T10:00:00+00:00,Referral progressed to FOLLOW_UP_DUE
4ead3839-cea3-4744-b8fd-81f56ce3a12b,FOLLOW_UP_DUE,FOLLOW_UP_COMPLETED,2026-08-31T10:00:00+00:00,Referral progressed to FOLLOW_UP_COMPLETED
4ead3839-cea3-4744-b8fd-81f56ce3a12b,FOLLOW_UP_COMPLETED,CLOSED,2026-09-05T10:00:00+00:00,Referral progressed to CLOSED
5c713caf-7e1b-415e-941d-a554d57193d9,,SENT,2026-08-01T10:00:00+00:00,Referral progressed to SENT
5c713caf-7e1b-415e-941d-a554d57193d9,SENT,ACCEPTED,2026-08-06T10:00:00+00:00,Referral progressed to ACCEPTED
5c713caf-7e1b-415e-941d-a554d57193d9,ACCEPTED,PATIENT_NO_SHOW,2026-08-11T10:00:00+00:00,Referral progressed to PATIENT_NO_SHOW
ee28c90c-4bb5-488c-b714-29d793eca391,,SENT,2026-08-01T10:00:00+00:00,Referral progressed to SENT
4eb00be9-008f-4bb9-a55c-f7ddcf469d1f,,SENT,2026-08-01T10:00:00+00:00,Referral progressed to SENT
4eb00be9-008f-4bb9-a55c-f7ddcf469d1f,SENT,RECEIVED,2026-08-06T10:00:00+00:00,Referral progressed to RECEIVED
66d978ca-f6cb-4a7b-b1dc-cbc71511d374,,SENT,2026-08-01T10:00:00+00:00,Referral progressed to SENT
66d978ca-f6cb-4a7b-b1dc-cbc71511d374,SENT,ACCEPTED,2026-08-06T10:00:00+00:00,Referral progressed to ACCEPTED
f406c4b2-8c12-4d83-ac1e-2653796871ad,,SENT,2026-08-01T10:00:00+00:00,Referral progressed to SENT
f406c4b2-8c12-4d83-ac1e-2653796871ad,SENT,ACCEPTED,2026-08-06T10:00:00+00:00,Referral progressed to ACCEPTED
f406c4b2-8c12-4d83-ac1e-2653796871ad,ACCEPTED,APPOINTMENT_QUEUED,2026-08-11T10:00:00+00:00,Referral progressed to APPOINTMENT_QUEUED
85fdf434-8aca-4db7-a768-0189832cb3e8,,SENT,2026-08-01T10:00:00+00:00,Referral progressed to SENT
85fdf434-8aca-4db7-a768-0189832cb3e8,SENT,EMERGENCY_ESCALATED,2026-08-06T10:00:00+00:00,Referral progressed to EMERGENCY_ESCALATED
88513007-92c1-4de9-b795-44a90c16bd2a,,SENT,2026-08-01T10:00:00+00:00,Referral progressed to SENT
88513007-92c1-4de9-b795-44a90c16bd2a,SENT,EMERGENCY_ESCALATED,2026-08-06T10:00:00+00:00,Referral progressed to EMERGENCY_ESCALATED
88513007-92c1-4de9-b795-44a90c16bd2a,EMERGENCY_ESCALATED,ACCEPTED,2026-08-11T10:00:00+00:00,Referral progressed to ACCEPTED
88513007-92c1-4de9-b795-44a90c16bd2a,ACCEPTED,CONSULTED,2026-08-16T10:00:00+00:00,Referral progressed to CONSULTED
d4595d66-a429-4dc2-a6e0-aaedfb8a1e84,,SENT,2026-08-01T10:00:00+00:00,Referral progressed to SENT
d4595d66-a429-4dc2-a6e0-aaedfb8a1e84,SENT,EMERGENCY_ESCALATED,2026-08-06T10:00:00+00:00,Referral progressed to EMERGENCY_ESCALATED
d4595d66-a429-4dc2-a6e0-aaedfb8a1e84,EMERGENCY_ESCALATED,ACCEPTED,2026-08-11T10:00:00+00:00,Referral progressed to ACCEPTED
d4595d66-a429-4dc2-a6e0-aaedfb8a1e84,ACCEPTED,CONSULTED,2026-08-16T10:00:00+00:00,Referral progressed to CONSULTED
d4595d66-a429-4dc2-a6e0-aaedfb8a1e84,CONSULTED,REFERRED_BACK,2026-08-21T10:00:00+00:00,Referral progressed to REFERRED_BACK
cca5caf6-9b16-4204-bf08-021fd78bde89,,SENT,2026-08-01T10:00:00+00:00,Referral progressed to SENT
cca5caf6-9b16-4204-bf08-021fd78bde89,SENT,EMERGENCY_ESCALATED,2026-08-06T10:00:00+00:00,Referral progressed to EMERGENCY_ESCALATED
cca5caf6-9b16-4204-bf08-021fd78bde89,EMERGENCY_ESCALATED,ACCEPTED,2026-08-11T10:00:00+00:00,Referral progressed to ACCEPTED
cca5caf6-9b16-4204-bf08-021fd78bde89,ACCEPTED,CONSULTED,2026-08-16T10:00:00+00:00,Referral progressed to CONSULTED
cca5caf6-9b16-4204-bf08-021fd78bde89,CONSULTED,REFERRED_BACK,2026-08-21T10:00:00+00:00,Referral progressed to REFERRED_BACK
cca5caf6-9b16-4204-bf08-021fd78bde89,REFERRED_BACK,FOLLOW_UP_DUE,2026-08-26T10:00:00+00:00,Referral progressed to FOLLOW_UP_DUE
61add257-d02b-43d2-89ee-9edd052c50a1,,SENT,2026-08-01T10:00:00+00:00,Referral progressed to SENT
61add257-d02b-43d2-89ee-9edd052c50a1,SENT,EMERGENCY_ESCALATED,2026-08-06T10:00:00+00:00,Referral progressed to EMERGENCY_ESCALATED
61add257-d02b-43d2-89ee-9edd052c50a1,EMERGENCY_ESCALATED,ACCEPTED,2026-08-11T10:00:00+00:00,Referral progressed to ACCEPTED
61add257-d02b-43d2-89ee-9edd052c50a1,ACCEPTED,CONSULTED,2026-08-16T10:00:00+00:00,Referral progressed to CONSULTED
61add257-d02b-43d2-89ee-9edd052c50a1,CONSULTED,REFERRED_BACK,2026-08-21T10:00:00+00:00,Referral progressed to REFERRED_BACK
61add257-d02b-43d2-89ee-9edd052c50a1,REFERRED_BACK,FOLLOW_UP_DUE,2026-08-26T10:00:00+00:00,Referral progressed to FOLLOW_UP_DUE
61add257-d02b-43d2-89ee-9edd052c50a1,FOLLOW_UP_DUE,FOLLOW_UP_COMPLETED,2026-08-31T10:00:00+00:00,Referral progressed to FOLLOW_UP_COMPLETED
fed9e3e5-f020-4d06-a56b-c3e19c6b7d36,,SENT,2026-08-01T10:00:00+00:00,Referral progressed to SENT
fed9e3e5-f020-4d06-a56b-c3e19c6b7d36,SENT,EMERGENCY_ESCALATED,2026-08-06T10:00:00+00:00,Referral progressed to EMERGENCY_ESCALATED
fed9e3e5-f020-4d06-a56b-c3e19c6b7d36,EMERGENCY_ESCALATED,ACCEPTED,2026-08-11T10:00:00+00:00,Referral progressed to ACCEPTED
fed9e3e5-f020-4d06-a56b-c3e19c6b7d36,ACCEPTED,CONSULTED,2026-08-16T10:00:00+00:00,Referral progressed to CONSULTED
fed9e3e5-f020-4d06-a56b-c3e19c6b7d36,CONSULTED,REFERRED_BACK,2026-08-21T10:00:00+00:00,Referral progressed to REFERRED_BACK
fed9e3e5-f020-4d06-a56b-c3e19c6b7d36,REFERRED_BACK,FOLLOW_UP_DUE,2026-08-26T10:00:00+00:00,Referral progressed to FOLLOW_UP_DUE
fed9e3e5-f020-4d06-a56b-c3e19c6b7d36,FOLLOW_UP_DUE,FOLLOW_UP_COMPLETED,2026-08-31T10:00:00+00:00,Referral progressed to FOLLOW_UP_COMPLETED
fed9e3e5-f020-4d06-a56b-c3e19c6b7d36,FOLLOW_UP_COMPLETED,CLOSED,2026-09-05T10:00:00+00:00,Referral progressed to CLOSED
a3bb53ce-4997-4ba7-a9ed-9894b63b8f64,,SENT,2026-08-01T10:00:00+00:00,Referral progressed to SENT
a3bb53ce-4997-4ba7-a9ed-9894b63b8f64,SENT,ACCEPTED,2026-08-06T10:00:00+00:00,Referral progressed to ACCEPTED
a3bb53ce-4997-4ba7-a9ed-9894b63b8f64,ACCEPTED,PATIENT_NO_SHOW,2026-08-11T10:00:00+00:00,Referral progressed to PATIENT_NO_SHOW
fc4009f1-a7b9-4fb3-81f4-56ff6aa39554,,SENT,2026-08-01T10:00:00+00:00,Referral progressed to SENT
d369a9d5-20a3-4a65-ab43-d1e561457b57,,SENT,2026-08-01T10:00:00+00:00,Referral progressed to SENT
d369a9d5-20a3-4a65-ab43-d1e561457b57,SENT,RECEIVED,2026-08-06T10:00:00+00:00,Referral progressed to RECEIVED
56c04a41-5dbb-4ab7-9acc-98c70071ab64,,SENT,2026-08-01T10:00:00+00:00,Referral progressed to SENT
56c04a41-5dbb-4ab7-9acc-98c70071ab64,SENT,ACCEPTED,2026-08-06T10:00:00+00:00,Referral progressed to ACCEPTED
b9b0c00a-7e59-47cb-a149-ff222c7e22e8,,SENT,2026-08-01T10:00:00+00:00,Referral progressed to SENT
b9b0c00a-7e59-47cb-a149-ff222c7e22e8,SENT,ACCEPTED,2026-08-06T10:00:00+00:00,Referral progressed to ACCEPTED
b9b0c00a-7e59-47cb-a149-ff222c7e22e8,ACCEPTED,APPOINTMENT_QUEUED,2026-08-11T10:00:00+00:00,Referral progressed to APPOINTMENT_QUEUED
2ccfd039-80c9-4c4a-a5c7-61e19b6a17ae,,SENT,2026-08-01T10:00:00+00:00,Referral progressed to SENT
2ccfd039-80c9-4c4a-a5c7-61e19b6a17ae,SENT,EMERGENCY_ESCALATED,2026-08-06T10:00:00+00:00,Referral progressed to EMERGENCY_ESCALATED
f27d68fa-8452-43f0-a80d-15e39e37fc68,,SENT,2026-08-01T10:00:00+00:00,Referral progressed to SENT
f27d68fa-8452-43f0-a80d-15e39e37fc68,SENT,EMERGENCY_ESCALATED,2026-08-06T10:00:00+00:00,Referral progressed to EMERGENCY_ESCALATED
f27d68fa-8452-43f0-a80d-15e39e37fc68,EMERGENCY_ESCALATED,ACCEPTED,2026-08-11T10:00:00+00:00,Referral progressed to ACCEPTED
f27d68fa-8452-43f0-a80d-15e39e37fc68,ACCEPTED,CONSULTED,2026-08-16T10:00:00+00:00,Referral progressed to CONSULTED
712dac3f-bb4b-4550-86a3-3ece65b7e656,,SENT,2026-08-01T10:00:00+00:00,Referral progressed to SENT
712dac3f-bb4b-4550-86a3-3ece65b7e656,SENT,EMERGENCY_ESCALATED,2026-08-06T10:00:00+00:00,Referral progressed to EMERGENCY_ESCALATED
712dac3f-bb4b-4550-86a3-3ece65b7e656,EMERGENCY_ESCALATED,ACCEPTED,2026-08-11T10:00:00+00:00,Referral progressed to ACCEPTED
712dac3f-bb4b-4550-86a3-3ece65b7e656,ACCEPTED,CONSULTED,2026-08-16T10:00:00+00:00,Referral progressed to CONSULTED
712dac3f-bb4b-4550-86a3-3ece65b7e656,CONSULTED,REFERRED_BACK,2026-08-21T10:00:00+00:00,Referral progressed to REFERRED_BACK
7acff4fa-e06f-4603-a3dd-777b0c45f380,,SENT,2026-08-01T10:00:00+00:00,Referral progressed to SENT
7acff4fa-e06f-4603-a3dd-777b0c45f380,SENT,EMERGENCY_ESCALATED,2026-08-06T10:00:00+00:00,Referral progressed to EMERGENCY_ESCALATED
7acff4fa-e06f-4603-a3dd-777b0c45f380,EMERGENCY_ESCALATED,ACCEPTED,2026-08-11T10:00:00+00:00,Referral progressed to ACCEPTED
7acff4fa-e06f-4603-a3dd-777b0c45f380,ACCEPTED,CONSULTED,2026-08-16T10:00:00+00:00,Referral progressed to CONSULTED
7acff4fa-e06f-4603-a3dd-777b0c45f380,CONSULTED,REFERRED_BACK,2026-08-21T10:00:00+00:00,Referral progressed to REFERRED_BACK
7acff4fa-e06f-4603-a3dd-777b0c45f380,REFERRED_BACK,FOLLOW_UP_DUE,2026-08-26T10:00:00+00:00,Referral progressed to FOLLOW_UP_DUE
6a5e4bf3-ece8-4ab8-a0b6-ae1b3231a76b,,SENT,2026-08-01T10:00:00+00:00,Referral progressed to SENT
6a5e4bf3-ece8-4ab8-a0b6-ae1b3231a76b,SENT,EMERGENCY_ESCALATED,2026-08-06T10:00:00+00:00,Referral progressed to EMERGENCY_ESCALATED
6a5e4bf3-ece8-4ab8-a0b6-ae1b3231a76b,EMERGENCY_ESCALATED,ACCEPTED,2026-08-11T10:00:00+00:00,Referral progressed to ACCEPTED
6a5e4bf3-ece8-4ab8-a0b6-ae1b3231a76b,ACCEPTED,CONSULTED,2026-08-16T10:00:00+00:00,Referral progressed to CONSULTED
6a5e4bf3-ece8-4ab8-a0b6-ae1b3231a76b,CONSULTED,REFERRED_BACK,2026-08-21T10:00:00+00:00,Referral progressed to REFERRED_BACK
6a5e4bf3-ece8-4ab8-a0b6-ae1b3231a76b,REFERRED_BACK,FOLLOW_UP_DUE,2026-08-26T10:00:00+00:00,Referral progressed to FOLLOW_UP_DUE
6a5e4bf3-ece8-4ab8-a0b6-ae1b3231a76b,FOLLOW_UP_DUE,FOLLOW_UP_COMPLETED,2026-08-31T10:00:00+00:00,Referral progressed to FOLLOW_UP_COMPLETED
2b065fd6-66b0-42e9-bb0c-a488e0df4f7b,,SENT,2026-08-01T10:00:00+00:00,Referral progressed to SENT
2b065fd6-66b0-42e9-bb0c-a488e0df4f7b,SENT,EMERGENCY_ESCALATED,2026-08-06T10:00:00+00:00,Referral progressed to EMERGENCY_ESCALATED
2b065fd6-66b0-42e9-bb0c-a488e0df4f7b,EMERGENCY_ESCALATED,ACCEPTED,2026-08-11T10:00:00+00:00,Referral progressed to ACCEPTED
2b065fd6-66b0-42e9-bb0c-a488e0df4f7b,ACCEPTED,CONSULTED,2026-08-16T10:00:00+00:00,Referral progressed to CONSULTED
2b065fd6-66b0-42e9-bb0c-a488e0df4f7b,CONSULTED,REFERRED_BACK,2026-08-21T10:00:00+00:00,Referral progressed to REFERRED_BACK
2b065fd6-66b0-42e9-bb0c-a488e0df4f7b,REFERRED_BACK,FOLLOW_UP_DUE,2026-08-26T10:00:00+00:00,Referral progressed to FOLLOW_UP_DUE
2b065fd6-66b0-42e9-bb0c-a488e0df4f7b,FOLLOW_UP_DUE,FOLLOW_UP_COMPLETED,2026-08-31T10:00:00+00:00,Referral progressed to FOLLOW_UP_COMPLETED
2b065fd6-66b0-42e9-bb0c-a488e0df4f7b,FOLLOW_UP_COMPLETED,CLOSED,2026-09-05T10:00:00+00:00,Referral progressed to CLOSED
57820cc5-8c48-412c-8d74-6cd0d5dce586,,SENT,2026-08-01T10:00:00+00:00,Referral progressed to SENT
57820cc5-8c48-412c-8d74-6cd0d5dce586,SENT,ACCEPTED,2026-08-06T10:00:00+00:00,Referral progressed to ACCEPTED
57820cc5-8c48-412c-8d74-6cd0d5dce586,ACCEPTED,PATIENT_NO_SHOW,2026-08-11T10:00:00+00:00,Referral progressed to PATIENT_NO_SHOW
ef67f028-27c2-4796-bcfb-e72bde46c032,,SENT,2026-08-01T10:00:00+00:00,Referral progressed to SENT
5612f569-7743-4725-85c2-ec44280ada8a,,SENT,2026-08-01T10:00:00+00:00,Referral progressed to SENT
5612f569-7743-4725-85c2-ec44280ada8a,SENT,RECEIVED,2026-08-06T10:00:00+00:00,Referral progressed to RECEIVED
4f5b2096-d60a-4672-a8f5-606d0d300a98,,SENT,2026-08-01T10:00:00+00:00,Referral progressed to SENT
4f5b2096-d60a-4672-a8f5-606d0d300a98,SENT,ACCEPTED,2026-08-06T10:00:00+00:00,Referral progressed to ACCEPTED
917d05dc-0299-40fe-b218-ab8dac726b6b,,SENT,2026-08-01T10:00:00+00:00,Referral progressed to SENT
917d05dc-0299-40fe-b218-ab8dac726b6b,SENT,ACCEPTED,2026-08-06T10:00:00+00:00,Referral progressed to ACCEPTED
917d05dc-0299-40fe-b218-ab8dac726b6b,ACCEPTED,APPOINTMENT_QUEUED,2026-08-11T10:00:00+00:00,Referral progressed to APPOINTMENT_QUEUED
b4e420b5-b418-4ce7-be6c-08a3b0553cd6,,SENT,2026-08-01T10:00:00+00:00,Referral progressed to SENT
b4e420b5-b418-4ce7-be6c-08a3b0553cd6,SENT,EMERGENCY_ESCALATED,2026-08-06T10:00:00+00:00,Referral progressed to EMERGENCY_ESCALATED
6744736a-8460-4c4b-a027-e5d099ea7ade,,SENT,2026-08-01T10:00:00+00:00,Referral progressed to SENT
6744736a-8460-4c4b-a027-e5d099ea7ade,SENT,EMERGENCY_ESCALATED,2026-08-06T10:00:00+00:00,Referral progressed to EMERGENCY_ESCALATED
6744736a-8460-4c4b-a027-e5d099ea7ade,EMERGENCY_ESCALATED,ACCEPTED,2026-08-11T10:00:00+00:00,Referral progressed to ACCEPTED
6744736a-8460-4c4b-a027-e5d099ea7ade,ACCEPTED,CONSULTED,2026-08-16T10:00:00+00:00,Referral progressed to CONSULTED
8d2471a5-094e-49b0-bf4c-fedf01ca44e1,,SENT,2026-08-01T10:00:00+00:00,Referral progressed to SENT
8d2471a5-094e-49b0-bf4c-fedf01ca44e1,SENT,EMERGENCY_ESCALATED,2026-08-06T10:00:00+00:00,Referral progressed to EMERGENCY_ESCALATED
8d2471a5-094e-49b0-bf4c-fedf01ca44e1,EMERGENCY_ESCALATED,ACCEPTED,2026-08-11T10:00:00+00:00,Referral progressed to ACCEPTED
8d2471a5-094e-49b0-bf4c-fedf01ca44e1,ACCEPTED,CONSULTED,2026-08-16T10:00:00+00:00,Referral progressed to CONSULTED
8d2471a5-094e-49b0-bf4c-fedf01ca44e1,CONSULTED,REFERRED_BACK,2026-08-21T10:00:00+00:00,Referral progressed to REFERRED_BACK
5003fd32-da9d-4fd1-a495-a0b54a8aa7a8,,SENT,2026-08-01T10:00:00+00:00,Referral progressed to SENT
5003fd32-da9d-4fd1-a495-a0b54a8aa7a8,SENT,EMERGENCY_ESCALATED,2026-08-06T10:00:00+00:00,Referral progressed to EMERGENCY_ESCALATED
5003fd32-da9d-4fd1-a495-a0b54a8aa7a8,EMERGENCY_ESCALATED,ACCEPTED,2026-08-11T10:00:00+00:00,Referral progressed to ACCEPTED
5003fd32-da9d-4fd1-a495-a0b54a8aa7a8,ACCEPTED,CONSULTED,2026-08-16T10:00:00+00:00,Referral progressed to CONSULTED
5003fd32-da9d-4fd1-a495-a0b54a8aa7a8,CONSULTED,REFERRED_BACK,2026-08-21T10:00:00+00:00,Referral progressed to REFERRED_BACK
5003fd32-da9d-4fd1-a495-a0b54a8aa7a8,REFERRED_BACK,FOLLOW_UP_DUE,2026-08-26T10:00:00+00:00,Referral progressed to FOLLOW_UP_DUE
007e2a93-841e-4049-b181-11ac9a067de4,,SENT,2026-08-01T10:00:00+00:00,Referral progressed to SENT
007e2a93-841e-4049-b181-11ac9a067de4,SENT,EMERGENCY_ESCALATED,2026-08-06T10:00:00+00:00,Referral progressed to EMERGENCY_ESCALATED
007e2a93-841e-4049-b181-11ac9a067de4,EMERGENCY_ESCALATED,ACCEPTED,2026-08-11T10:00:00+00:00,Referral progressed to ACCEPTED
007e2a93-841e-4049-b181-11ac9a067de4,ACCEPTED,CONSULTED,2026-08-16T10:00:00+00:00,Referral progressed to CONSULTED
007e2a93-841e-4049-b181-11ac9a067de4,CONSULTED,REFERRED_BACK,2026-08-21T10:00:00+00:00,Referral progressed to REFERRED_BACK
007e2a93-841e-4049-b181-11ac9a067de4,REFERRED_BACK,FOLLOW_UP_DUE,2026-08-26T10:00:00+00:00,Referral progressed to FOLLOW_UP_DUE
007e2a93-841e-4049-b181-11ac9a067de4,FOLLOW_UP_DUE,FOLLOW_UP_COMPLETED,2026-08-31T10:00:00+00:00,Referral progressed to FOLLOW_UP_COMPLETED
e80c0d2a-09ac-4957-a8c7-1907acea5257,,SENT,2026-08-01T10:00:00+00:00,Referral progressed to SENT
e80c0d2a-09ac-4957-a8c7-1907acea5257,SENT,EMERGENCY_ESCALATED,2026-08-06T10:00:00+00:00,Referral progressed to EMERGENCY_ESCALATED
e80c0d2a-09ac-4957-a8c7-1907acea5257,EMERGENCY_ESCALATED,ACCEPTED,2026-08-11T10:00:00+00:00,Referral progressed to ACCEPTED
e80c0d2a-09ac-4957-a8c7-1907acea5257,ACCEPTED,CONSULTED,2026-08-16T10:00:00+00:00,Referral progressed to CONSULTED
e80c0d2a-09ac-4957-a8c7-1907acea5257,CONSULTED,REFERRED_BACK,2026-08-21T10:00:00+00:00,Referral progressed to REFERRED_BACK
e80c0d2a-09ac-4957-a8c7-1907acea5257,REFERRED_BACK,FOLLOW_UP_DUE,2026-08-26T10:00:00+00:00,Referral progressed to FOLLOW_UP_DUE
e80c0d2a-09ac-4957-a8c7-1907acea5257,FOLLOW_UP_DUE,FOLLOW_UP_COMPLETED,2026-08-31T10:00:00+00:00,Referral progressed to FOLLOW_UP_COMPLETED
e80c0d2a-09ac-4957-a8c7-1907acea5257,FOLLOW_UP_COMPLETED,CLOSED,2026-09-05T10:00:00+00:00,Referral progressed to CLOSED
d443ffd0-099c-4c80-8ee5-a32eda1b5e60,,SENT,2026-08-01T10:00:00+00:00,Referral progressed to SENT
d443ffd0-099c-4c80-8ee5-a32eda1b5e60,SENT,ACCEPTED,2026-08-06T10:00:00+00:00,Referral progressed to ACCEPTED
d443ffd0-099c-4c80-8ee5-a32eda1b5e60,ACCEPTED,PATIENT_NO_SHOW,2026-08-11T10:00:00+00:00,Referral progressed to PATIENT_NO_SHOW
81aa9735-9c70-4706-8cc7-c8c5f51f93d5,,SENT,2026-08-01T10:00:00+00:00,Referral progressed to SENT
98c09d9b-29d9-450a-be18-1abe4d480412,,SENT,2026-08-01T10:00:00+00:00,Referral progressed to SENT
98c09d9b-29d9-450a-be18-1abe4d480412,SENT,RECEIVED,2026-08-06T10:00:00+00:00,Referral progressed to RECEIVED
56c8ec7c-c0a8-4894-a66b-43dbf1f014cd,,SENT,2026-08-01T10:00:00+00:00,Referral progressed to SENT
56c8ec7c-c0a8-4894-a66b-43dbf1f014cd,SENT,ACCEPTED,2026-08-06T10:00:00+00:00,Referral progressed to ACCEPTED
14004a3b-047d-4813-aeba-271bcec0dd39,,SENT,2026-08-01T10:00:00+00:00,Referral progressed to SENT
14004a3b-047d-4813-aeba-271bcec0dd39,SENT,ACCEPTED,2026-08-06T10:00:00+00:00,Referral progressed to ACCEPTED
14004a3b-047d-4813-aeba-271bcec0dd39,ACCEPTED,APPOINTMENT_QUEUED,2026-08-11T10:00:00+00:00,Referral progressed to APPOINTMENT_QUEUED
c09765a9-036c-4324-9e18-de4ced0c58c3,,SENT,2026-08-01T10:00:00+00:00,Referral progressed to SENT
c09765a9-036c-4324-9e18-de4ced0c58c3,SENT,EMERGENCY_ESCALATED,2026-08-06T10:00:00+00:00,Referral progressed to EMERGENCY_ESCALATED
7279b399-2dde-4e6b-8453-14196f515eae,,SENT,2026-08-01T10:00:00+00:00,Referral progressed to SENT
7279b399-2dde-4e6b-8453-14196f515eae,SENT,EMERGENCY_ESCALATED,2026-08-06T10:00:00+00:00,Referral progressed to EMERGENCY_ESCALATED
7279b399-2dde-4e6b-8453-14196f515eae,EMERGENCY_ESCALATED,ACCEPTED,2026-08-11T10:00:00+00:00,Referral progressed to ACCEPTED
7279b399-2dde-4e6b-8453-14196f515eae,ACCEPTED,CONSULTED,2026-08-16T10:00:00+00:00,Referral progressed to CONSULTED
32c4ad86-88ef-49cd-ae3a-38e85dda1f51,,SENT,2026-08-01T10:00:00+00:00,Referral progressed to SENT
32c4ad86-88ef-49cd-ae3a-38e85dda1f51,SENT,EMERGENCY_ESCALATED,2026-08-06T10:00:00+00:00,Referral progressed to EMERGENCY_ESCALATED
32c4ad86-88ef-49cd-ae3a-38e85dda1f51,EMERGENCY_ESCALATED,ACCEPTED,2026-08-11T10:00:00+00:00,Referral progressed to ACCEPTED
32c4ad86-88ef-49cd-ae3a-38e85dda1f51,ACCEPTED,CONSULTED,2026-08-16T10:00:00+00:00,Referral progressed to CONSULTED
32c4ad86-88ef-49cd-ae3a-38e85dda1f51,CONSULTED,REFERRED_BACK,2026-08-21T10:00:00+00:00,Referral progressed to REFERRED_BACK
3dab1fae-197f-4587-8064-a2ce83e15043,,SENT,2026-08-01T10:00:00+00:00,Referral progressed to SENT
3dab1fae-197f-4587-8064-a2ce83e15043,SENT,EMERGENCY_ESCALATED,2026-08-06T10:00:00+00:00,Referral progressed to EMERGENCY_ESCALATED
3dab1fae-197f-4587-8064-a2ce83e15043,EMERGENCY_ESCALATED,ACCEPTED,2026-08-11T10:00:00+00:00,Referral progressed to ACCEPTED
3dab1fae-197f-4587-8064-a2ce83e15043,ACCEPTED,CONSULTED,2026-08-16T10:00:00+00:00,Referral progressed to CONSULTED
3dab1fae-197f-4587-8064-a2ce83e15043,CONSULTED,REFERRED_BACK,2026-08-21T10:00:00+00:00,Referral progressed to REFERRED_BACK
3dab1fae-197f-4587-8064-a2ce83e15043,REFERRED_BACK,FOLLOW_UP_DUE,2026-08-26T10:00:00+00:00,Referral progressed to FOLLOW_UP_DUE
e50bf4c0-d0c9-43c2-9c43-d7a9552174b5,,SENT,2026-08-01T10:00:00+00:00,Referral progressed to SENT
e50bf4c0-d0c9-43c2-9c43-d7a9552174b5,SENT,EMERGENCY_ESCALATED,2026-08-06T10:00:00+00:00,Referral progressed to EMERGENCY_ESCALATED
e50bf4c0-d0c9-43c2-9c43-d7a9552174b5,EMERGENCY_ESCALATED,ACCEPTED,2026-08-11T10:00:00+00:00,Referral progressed to ACCEPTED
e50bf4c0-d0c9-43c2-9c43-d7a9552174b5,ACCEPTED,CONSULTED,2026-08-16T10:00:00+00:00,Referral progressed to CONSULTED
e50bf4c0-d0c9-43c2-9c43-d7a9552174b5,CONSULTED,REFERRED_BACK,2026-08-21T10:00:00+00:00,Referral progressed to REFERRED_BACK
e50bf4c0-d0c9-43c2-9c43-d7a9552174b5,REFERRED_BACK,FOLLOW_UP_DUE,2026-08-26T10:00:00+00:00,Referral progressed to FOLLOW_UP_DUE
e50bf4c0-d0c9-43c2-9c43-d7a9552174b5,FOLLOW_UP_DUE,FOLLOW_UP_COMPLETED,2026-08-31T10:00:00+00:00,Referral progressed to FOLLOW_UP_COMPLETED
0b4aeb22-a078-4a4b-b91a-f0c44eb7b7f6,,SENT,2026-08-01T10:00:00+00:00,Referral progressed to SENT
0b4aeb22-a078-4a4b-b91a-f0c44eb7b7f6,SENT,EMERGENCY_ESCALATED,2026-08-06T10:00:00+00:00,Referral progressed to EMERGENCY_ESCALATED
0b4aeb22-a078-4a4b-b91a-f0c44eb7b7f6,EMERGENCY_ESCALATED,ACCEPTED,2026-08-11T10:00:00+00:00,Referral progressed to ACCEPTED
0b4aeb22-a078-4a4b-b91a-f0c44eb7b7f6,ACCEPTED,CONSULTED,2026-08-16T10:00:00+00:00,Referral progressed to CONSULTED
0b4aeb22-a078-4a4b-b91a-f0c44eb7b7f6,CONSULTED,REFERRED_BACK,2026-08-21T10:00:00+00:00,Referral progressed to REFERRED_BACK
0b4aeb22-a078-4a4b-b91a-f0c44eb7b7f6,REFERRED_BACK,FOLLOW_UP_DUE,2026-08-26T10:00:00+00:00,Referral progressed to FOLLOW_UP_DUE
0b4aeb22-a078-4a4b-b91a-f0c44eb7b7f6,FOLLOW_UP_DUE,FOLLOW_UP_COMPLETED,2026-08-31T10:00:00+00:00,Referral progressed to FOLLOW_UP_COMPLETED
0b4aeb22-a078-4a4b-b91a-f0c44eb7b7f6,FOLLOW_UP_COMPLETED,CLOSED,2026-09-05T10:00:00+00:00,Referral progressed to CLOSED
334df7cd-ff66-4e88-a0e8-60a702500490,,SENT,2026-08-01T10:00:00+00:00,Referral progressed to SENT
334df7cd-ff66-4e88-a0e8-60a702500490,SENT,ACCEPTED,2026-08-06T10:00:00+00:00,Referral progressed to ACCEPTED
334df7cd-ff66-4e88-a0e8-60a702500490,ACCEPTED,PATIENT_NO_SHOW,2026-08-11T10:00:00+00:00,Referral progressed to PATIENT_NO_SHOW
76e958bb-645d-4f71-88a0-c7da9c5edede,,SENT,2026-08-01T10:00:00+00:00,Referral progressed to SENT
6cfa77c2-1b30-43f7-8808-a79ccf144b79,,SENT,2026-08-01T10:00:00+00:00,Referral progressed to SENT
6cfa77c2-1b30-43f7-8808-a79ccf144b79,SENT,RECEIVED,2026-08-06T10:00:00+00:00,Referral progressed to RECEIVED
af17d915-9f86-4a73-8678-fd7e85e7559f,,SENT,2026-08-01T10:00:00+00:00,Referral progressed to SENT
af17d915-9f86-4a73-8678-fd7e85e7559f,SENT,ACCEPTED,2026-08-06T10:00:00+00:00,Referral progressed to ACCEPTED
cd702743-6ed3-45e1-a37d-2d1fab5f461b,,SENT,2026-08-01T10:00:00+00:00,Referral progressed to SENT
cd702743-6ed3-45e1-a37d-2d1fab5f461b,SENT,ACCEPTED,2026-08-06T10:00:00+00:00,Referral progressed to ACCEPTED
cd702743-6ed3-45e1-a37d-2d1fab5f461b,ACCEPTED,APPOINTMENT_QUEUED,2026-08-11T10:00:00+00:00,Referral progressed to APPOINTMENT_QUEUED
6c1ae941-fd90-4ce7-9e6c-896be69dba39,,SENT,2026-08-01T10:00:00+00:00,Referral progressed to SENT
6c1ae941-fd90-4ce7-9e6c-896be69dba39,SENT,EMERGENCY_ESCALATED,2026-08-06T10:00:00+00:00,Referral progressed to EMERGENCY_ESCALATED
35d3810f-6cb9-446a-ac14-c27e5ea656fe,,SENT,2026-08-01T10:00:00+00:00,Referral progressed to SENT
35d3810f-6cb9-446a-ac14-c27e5ea656fe,SENT,EMERGENCY_ESCALATED,2026-08-06T10:00:00+00:00,Referral progressed to EMERGENCY_ESCALATED
35d3810f-6cb9-446a-ac14-c27e5ea656fe,EMERGENCY_ESCALATED,ACCEPTED,2026-08-11T10:00:00+00:00,Referral progressed to ACCEPTED
35d3810f-6cb9-446a-ac14-c27e5ea656fe,ACCEPTED,CONSULTED,2026-08-16T10:00:00+00:00,Referral progressed to CONSULTED
674383ac-8fa9-4c81-8441-204ad471a7d7,,SENT,2026-08-01T10:00:00+00:00,Referral progressed to SENT
674383ac-8fa9-4c81-8441-204ad471a7d7,SENT,EMERGENCY_ESCALATED,2026-08-06T10:00:00+00:00,Referral progressed to EMERGENCY_ESCALATED
674383ac-8fa9-4c81-8441-204ad471a7d7,EMERGENCY_ESCALATED,ACCEPTED,2026-08-11T10:00:00+00:00,Referral progressed to ACCEPTED
674383ac-8fa9-4c81-8441-204ad471a7d7,ACCEPTED,CONSULTED,2026-08-16T10:00:00+00:00,Referral progressed to CONSULTED
674383ac-8fa9-4c81-8441-204ad471a7d7,CONSULTED,REFERRED_BACK,2026-08-21T10:00:00+00:00,Referral progressed to REFERRED_BACK
8206e7d8-488e-408e-b789-21b1c43a579a,,SENT,2026-08-01T10:00:00+00:00,Referral progressed to SENT
8206e7d8-488e-408e-b789-21b1c43a579a,SENT,EMERGENCY_ESCALATED,2026-08-06T10:00:00+00:00,Referral progressed to EMERGENCY_ESCALATED
8206e7d8-488e-408e-b789-21b1c43a579a,EMERGENCY_ESCALATED,ACCEPTED,2026-08-11T10:00:00+00:00,Referral progressed to ACCEPTED
8206e7d8-488e-408e-b789-21b1c43a579a,ACCEPTED,CONSULTED,2026-08-16T10:00:00+00:00,Referral progressed to CONSULTED
8206e7d8-488e-408e-b789-21b1c43a579a,CONSULTED,REFERRED_BACK,2026-08-21T10:00:00+00:00,Referral progressed to REFERRED_BACK
8206e7d8-488e-408e-b789-21b1c43a579a,REFERRED_BACK,FOLLOW_UP_DUE,2026-08-26T10:00:00+00:00,Referral progressed to FOLLOW_UP_DUE
c2fe2aa9-b256-4b3b-a574-d19b2bd60f7e,,SENT,2026-08-01T10:00:00+00:00,Referral progressed to SENT
c2fe2aa9-b256-4b3b-a574-d19b2bd60f7e,SENT,EMERGENCY_ESCALATED,2026-08-06T10:00:00+00:00,Referral progressed to EMERGENCY_ESCALATED
c2fe2aa9-b256-4b3b-a574-d19b2bd60f7e,EMERGENCY_ESCALATED,ACCEPTED,2026-08-11T10:00:00+00:00,Referral progressed to ACCEPTED
c2fe2aa9-b256-4b3b-a574-d19b2bd60f7e,ACCEPTED,CONSULTED,2026-08-16T10:00:00+00:00,Referral progressed to CONSULTED
c2fe2aa9-b256-4b3b-a574-d19b2bd60f7e,CONSULTED,REFERRED_BACK,2026-08-21T10:00:00+00:00,Referral progressed to REFERRED_BACK
c2fe2aa9-b256-4b3b-a574-d19b2bd60f7e,REFERRED_BACK,FOLLOW_UP_DUE,2026-08-26T10:00:00+00:00,Referral progressed to FOLLOW_UP_DUE
c2fe2aa9-b256-4b3b-a574-d19b2bd60f7e,FOLLOW_UP_DUE,FOLLOW_UP_COMPLETED,2026-08-31T10:00:00+00:00,Referral progressed to FOLLOW_UP_COMPLETED
4dfd9569-4178-4976-ae76-d5b62b08716b,,SENT,2026-08-01T10:00:00+00:00,Referral progressed to SENT
4dfd9569-4178-4976-ae76-d5b62b08716b,SENT,EMERGENCY_ESCALATED,2026-08-06T10:00:00+00:00,Referral progressed to EMERGENCY_ESCALATED
4dfd9569-4178-4976-ae76-d5b62b08716b,EMERGENCY_ESCALATED,ACCEPTED,2026-08-11T10:00:00+00:00,Referral progressed to ACCEPTED
4dfd9569-4178-4976-ae76-d5b62b08716b,ACCEPTED,CONSULTED,2026-08-16T10:00:00+00:00,Referral progressed to CONSULTED
4dfd9569-4178-4976-ae76-d5b62b08716b,CONSULTED,REFERRED_BACK,2026-08-21T10:00:00+00:00,Referral progressed to REFERRED_BACK
4dfd9569-4178-4976-ae76-d5b62b08716b,REFERRED_BACK,FOLLOW_UP_DUE,2026-08-26T10:00:00+00:00,Referral progressed to FOLLOW_UP_DUE
4dfd9569-4178-4976-ae76-d5b62b08716b,FOLLOW_UP_DUE,FOLLOW_UP_COMPLETED,2026-08-31T10:00:00+00:00,Referral progressed to FOLLOW_UP_COMPLETED
4dfd9569-4178-4976-ae76-d5b62b08716b,FOLLOW_UP_COMPLETED,CLOSED,2026-09-05T10:00:00+00:00,Referral progressed to CLOSED
