district_code,district_name,block_code,block_name
664,Alipurduar,2919,ALIPURDUAR-I
664,Alipurduar,2920,ALIPURDUAR-II
303,24 PARAGANAS NORTH,2723,AMDANGA
313,HOWRAH,2905,AMTA-I
313,HOWRAH,2906,AMTA-II
312,HOOGHLY,2887,ARAMBAGH
321,PURULIA,3044,ARSHA
306,PURBA BARDHAMAN,2796,AUSGRAM-I
306,PURBA BARDHAMAN,2797,AUSGRAM-II
303,24 PARAGANAS NORTH,2724,BADURIA
303,24 PARAGANAS NORTH,2725,BAGDA
321,PURULIA,3045,BAGMUNDI
313,HOWRAH,2907,BAGNAN-I
313,HOWRAH,2908,BAGNAN-II
312,HOOGHLY,2888,BALAGARH
321,PURULIA,3046,BALARAMPUR
313,HOWRAH,2909,BALLY-JAGACHA
310,DINAJPUR DAKSHIN,2870,BALURGHAT
316,MALDAH,2932,BAMONGOLA
314,JALPAIGURI,7483,BANARHAT
305,BANKURA,2774,BANKURA-I
305,BANKURA,2775,BANKURA-II
310,DINAJPUR DAKSHIN,2871,BANSIHARI
704,PASCHIM BARDHAMAN,2798,BARABANI
321,PURULIA,3047,BARABAZAR
303,24 PARAGANAS NORTH,2726,BARASAT-I
303,24 PARAGANAS NORTH,2727,BARASAT-II
305,BANKURA,2776,BARJORA
303,24 PARAGANAS NORTH,2728,BARRACKPUR-I
303,24 PARAGANAS NORTH,2729,BARRACKPUR-II
304,24 PARAGANAS SOUTH,2745,BARUIPUR
304,24 PARAGANAS SOUTH,2746,BASANTI
303,24 PARAGANAS NORTH,2730,BASIRHAT-I
303,24 PARAGANAS NORTH,2731,BASIRHAT-II
319,MURSHIDABAD,3001,BELDANGA-I
319,MURSHIDABAD,3002,BELDANGA-II
319,MURSHIDABAD,3003,BERHAMPORE
319,MURSHIDABAD,3004,BHAGABANGOLA-II
319,MURSHIDABAD,3005,BHAGAWANGOLA-I
317,MEDINIPUR EAST,2947,BHAGAWANPUR-I
317,MEDINIPUR EAST,2948,BHAGAWANPUR-II
304,24 PARAGANAS SOUTH,2747,BHANGAR-I
304,24 PARAGANAS SOUTH,2748,BHANGAR-II
319,MURSHIDABAD,3006,BHARATPUR-I
319,MURSHIDABAD,3007,BHARATPUR-II
306,PURBA BARDHAMAN,2799,BHATAR
703,Jhargram,2972,BINPUR-I
703,Jhargram,2973,BINPUR-II
304,24 PARAGANAS SOUTH,2749,BISHNUPUR-I
304,24 PARAGANAS SOUTH,2750,BISHNUPUR-II
307,BIRBHUM,2827,BOLPUR-SRINIKETAN
303,24 PARAGANAS NORTH,2732,BONGAON
304,24 PARAGANAS SOUTH,2751,BUDGE BUDGE-I
304,24 PARAGANAS SOUTH,2752,BUDGE BUDGE-II
321,PURULIA,3048,BUNDWAN
306,PURBA BARDHAMAN,2800,BURDWAN-I
306,PURBA BARDHAMAN,2801,BURDWAN-II
319,MURSHIDABAD,3008,BURWAN
304,24 PARAGANAS SOUTH,2753,CANNING-I
304,24 PARAGANAS SOUTH,2754,CANNING-II
320,NADIA,3027,CHAKDAH
316,MALDAH,2933,CHANCHAL-I
316,MALDAH,2934,CHANCHAL-II
317,MEDINIPUR EAST,2949,CHANDIPUR
312,HOOGHLY,2889,CHANDITALA-I
312,HOOGHLY,2890,CHANDITALA-II
318,MEDINIPUR WEST,2974,CHANDRAKONA-I
318,MEDINIPUR WEST,2975,CHANDRAKONA-II
320,NADIA,3028,CHAPRA
305,BANKURA,2777,CHHATNA
312,HOOGHLY,2891,CHINSURAH-MAGRAH
311,DINAJPUR UTTAR,2878,CHOPRA
317,MEDINIPUR EAST,2950,CONTAI-I
317,MEDINIPUR EAST,2951,CONTAI-III
308,COOCHBEHAR,2846,COOCH BEHAR II
308,COOCHBEHAR,2847,COOCHBEHAR I
318,MEDINIPUR WEST,2976,DANTAN-I
318,MEDINIPUR WEST,2977,DANTAN-II
309,DARJEELING,2858,DARJEELING-PULBAZAR
318,MEDINIPUR WEST,2978,DASPUR-I
318,MEDINIPUR WEST,2979,DASPUR-II
318,MEDINIPUR WEST,2980,DEBRA
303,24 PARAGANAS NORTH,2733,DEGANGA
317,MEDINIPUR EAST,2952,DESHAPRAN
312,HOOGHLY,2892,DHANIAKHALI
314,JALPAIGURI,2921,DHUPGURI
304,24 PARAGANAS SOUTH,2755,DIAMOND HARBOUR-I
304,24 PARAGANAS SOUTH,2756,DIAMOND HARBOUR-II
308,COOCHBEHAR,2848,DINHATA-I
308,COOCHBEHAR,2849,DINHATA-II
313,HOWRAH,2910,DOMJUR
319,MURSHIDABAD,3009,DOMKAL
307,BIRBHUM,2828,DUBRAJPUR
317,MEDINIPUR EAST,2953,EGRA-I
317,MEDINIPUR EAST,2954,EGRA-II
316,MALDAH,2935,ENGLISH BAZAR
664,Alipurduar,2922,FALAKATA
304,24 PARAGANAS SOUTH,2757,FALTA
319,MURSHIDABAD,3010,FARAKKA
704,PASCHIM BARDHAMAN,2802,FARIDPUR - DURGAPUR
303,24 PARAGANAS NORTH,2734,GAIGHATA
306,PURBA BARDHAMAN,2803,GALSI -I
306,PURBA BARDHAMAN,2804,GALSI-II
305,BANKURA,2778,GANGAJAL GHATI
310,DINAJPUR DAKSHIN,2872,GANGARAMPUR
318,MEDINIPUR WEST,2981,GARBETA-I
318,MEDINIPUR WEST,2982,GARBETA-II
318,MEDINIPUR WEST,2983,GARBETA-III
316,MALDAH,2936,GAZOLE
318,MEDINIPUR WEST,2984,GHATAL
311,DINAJPUR UTTAR,2879,GOALPOKHAR II
311,DINAJPUR UTTAR,2880,GOALPOKHAR-I
312,HOOGHLY,2893,GOGHAT-I
312,HOOGHLY,2894,GOGHAT-II
703,Jhargram,2985,GOPIBALLAV PUR -II
703,Jhargram,2986,GOPIBALLAVPUR-I
702,KALIMPONG,2859,GORUBATHAN
304,24 PARAGANAS SOUTH,2758,GOSABA
316,MALDAH,2937,HABIBPUR
303,24 PARAGANAS NORTH,2735,HABRA-I
303,24 PARAGANAS NORTH,2736,HABRA-II
317,MEDINIPUR EAST,2955,HALDIA
308,COOCHBEHAR,2850,HALDIBARI
320,NADIA,3029,HANSKHALI
319,MURSHIDABAD,3011,HARIHARPARA
320,NADIA,3030,HARINGHATA
312,HOOGHLY,2895,HARIPAL
310,DINAJPUR DAKSHIN,2873,HARIRAMPUR
316,MALDAH,2938,HARISHCHANDRAPUR-I
316,MALDAH,2939,HARISHCHANDRAPUR-II
303,24 PARAGANAS NORTH,2737,HAROA
303,24 PARAGANAS NORTH,2738,HASNABAD
311,DINAJPUR UTTAR,2881,HEMTABAD
310,DINAJPUR DAKSHIN,2874,HILI
303,24 PARAGANAS NORTH,2739,HINGALGANJ
305,BANKURA,2779,HIRBANDH
321,PURULIA,3049,HURA
307,BIRBHUM,2829,ILLAMBAZAR
305,BANKURA,2780,INDPUR
305,BANKURA,2781,INDUS
311,DINAJPUR UTTAR,2882,ISLAMPUR
311,DINAJPUR UTTAR,2883,ITAHAR
313,HOWRAH,2911,JAGATBALLAVPUR
321,PURULIA,3050,JAIPUR
319,MURSHIDABAD,3012,JALANGI
314,JALPAIGURI,2923,JALPAIGURI
306,PURBA BARDHAMAN,2805,JAMAL PUR
703,Jhargram,2987,JAMBANI
704,PASCHIM BARDHAMAN,2806,JAMURIA
312,HOOGHLY,2896,JANGIPARA
304,24 PARAGANAS SOUTH,2759,JAYNAGAR-I
304,24 PARAGANAS SOUTH,2760,JAYNAGAR-II
305,BANKURA,2782,JAYPUR
321,PURULIA,3051,JHALDA-I
321,PURULIA,3052,JHALDA-II
703,Jhargram,2988,JHARGRAM
309,DARJEELING,2860,JORE BUNGLOW-SUKIAPOKHRI
304,24 PARAGANAS SOUTH,2761,KAK DWIP
664,Alipurduar,2924,KALCHINI
316,MALDAH,2940,KALIACHAK-I
316,MALDAH,2941,KALIACHAK-II
316,MALDAH,2942,KALIACHAK-III
311,DINAJPUR UTTAR,2884,KALIAGANJ
320,NADIA,3031,KALIGANJ
702,KALIMPONG,2861,KALIMPONG-I
702,KALIMPONG,2862,KALIMPONG-II
306,PURBA BARDHAMAN,2807,KALNA II
306,PURBA BARDHAMAN,2808,KALNA-I
320,NADIA,7115,KALYANI
319,MURSHIDABAD,3013,KANDI
704,PASCHIM BARDHAMAN,2809,KANKSA
311,DINAJPUR UTTAR,2885,KARANDIGHI
320,NADIA,3032,KARIMPUR-1
320,NADIA,3033,KARIMPUR-II
321,PURULIA,3053,KASHIPUR
306,PURBA BARDHAMAN,2810,KATWA-I
306,PURBA BARDHAMAN,2811,KATWA-II
318,MEDINIPUR WEST,2989,KESHIARY
318,MEDINIPUR WEST,2990,KESHPUR
306,PURBA BARDHAMAN,2812,KETUGRAM-II
306,PURBA BARDHAMAN,2813,KETUGRAM_I
312,HOOGHLY,2897,KHANAKUL-I
312,HOOGHLY,2898,KHANAKUL-II
306,PURBA BARDHAMAN,2814,KHANDAGHOSH
318,MEDINIPUR WEST,2991,KHARAGPUR-I
318,MEDINIPUR WEST,2992,KHARAGPUR-II
319,MURSHIDABAD,3014,KHARGRAM
309,DARJEELING,2863,KHARIBARI
305,BANKURA,2783,KHATRA-I
317,MEDINIPUR EAST,2956,KHEJURI-I
317,MEDINIPUR EAST,2957,KHEJURI-II
307,BIRBHUM,2830,KHOYRASOL
317,MEDINIPUR EAST,2958,KOLAGHAT
305,BANKURA,2784,KOTULPUR
314,JALPAIGURI,7484,KRANTI
320,NADIA,3034,KRISHNAGANJ
320,NADIA,3035,KRISHNAGAR-I
320,NADIA,3036,KRISHNAGAR-II
304,24 PARAGANAS SOUTH,2762,KULPI
304,24 PARAGANAS SOUTH,2763,KULTALI
310,DINAJPUR DAKSHIN,2875,KUMARGANJ
664,Alipurduar,2925,KUMARGRAM
309,DARJEELING,2864,KURSEONG
310,DINAJPUR DAKSHIN,2876,KUSHMANDI
307,BIRBHUM,2831,LABPUR
319,MURSHIDABAD,3015,LALGOLA
702,KALIMPONG,7354,Lava
664,Alipurduar,2926,MADARIHAT
304,24 PARAGANAS SOUTH,2764,MAGRA HAT-I
304,24 PARAGANAS SOUTH,2765,MAGRA HAT-II
317,MEDINIPUR EAST,2959,MAHISHADAL
314,JALPAIGURI,2927,MAL
321,PURULIA,3054,MANBAZAR-I
321,PURULIA,3055,MANBAZAR-II
304,24 PARAGANAS SOUTH,2766,MANDIRBAZAR
306,PURBA BARDHAMAN,2815,MANGOLKOTE
316,MALDAH,2943,MANIKCHAK
306,PURBA BARDHAMAN,2816,MANTESWAR
308,COOCHBEHAR,2851,MATHABHANGA II
308,COOCHBEHAR,2852,MATHABHANGA-I
304,24 PARAGANAS SOUTH,2767,MATHURAPUR I
304,24 PARAGANAS SOUTH,2768,MATHURAPUR-II
314,JALPAIGURI,2928,MATIALI
309,DARJEELING,2865,MATIGARA
314,JALPAIGURI,2929,MAYNAGURI
307,BIRBHUM,2832,MAYURESWAR-I
307,BIRBHUM,2833,MAYURESWAR-II
305,BANKURA,2785,MEJHIA
308,COOCHBEHAR,2853,MEKLIGANJ
306,PURBA BARDHAMAN,2817,MEMARI-1
306,PURBA BARDHAMAN,2818,MEMARI-II
318,MEDINIPUR WEST,2993,MIDNAPORE
303,24 PARAGANAS NORTH,2740,MINAKHAN
309,DARJEELING,2866,MIRIK
307,BIRBHUM,2834,MOHAMMAD BAZAR
318,MEDINIPUR WEST,2994,MOHANPUR
317,MEDINIPUR EAST,2960,MOYNA
307,BIRBHUM,2835,MURARAI-I
307,BIRBHUM,2836,MURARAI-II
319,MURSHIDABAD,3016,MURSHIDABAD-JIAGUNJ
320,NADIA,3037,NABADWIP
319,MURSHIDABAD,3017,NABAGRAM
314,JALPAIGURI,2930,NAGRAKATA
320,NADIA,3038,NAKASHIPARA
307,BIRBHUM,2837,NALHATI-I
307,BIRBHUM,2838,NALHATI-II
304,24 PARAGANAS SOUTH,2769,NAMKHANA
317,MEDINIPUR EAST,2961,NANDAKUMAR
317,MEDINIPUR EAST,2962,NANDIGRAM-I
317,MEDINIPUR EAST,2963,NANDIGRAM-II
307,BIRBHUM,2839,NANOOR
318,MEDINIPUR WEST,2995,NARAYANGARH
319,MURSHIDABAD,3018,NAWDA
309,DARJEELING,2867,NAXAL BARI
703,Jhargram,2996,NAYAGRAM
321,PURULIA,3056,NETURIA
316,MALDAH,2944,OLD MALDA
305,BANKURA,2786,ONDA
704,PASCHIM BARDHAMAN,2819,ONDAL
313,HOWRAH,2912,PANCHLA
704,PASCHIM BARDHAMAN,2820,PANDABESWAR
312,HOOGHLY,2899,PANDUA
317,MEDINIPUR EAST,2964,PANSKURA-I
321,PURULIA,3057,PARA
317,MEDINIPUR EAST,2965,PATASHPUR-I
317,MEDINIPUR EAST,2966,PATASHPUR-II
304,24 PARAGANAS SOUTH,2770,PATHAR PRATIMA
305,BANKURA,2787,PATRASAYER
309,DARJEELING,2868,PHANSIDEWA
318,MEDINIPUR WEST,2997,PINGLA
312,HOOGHLY,2900,POLBA-DADPUR
321,PURULIA,3058,PUNCHA
306,PURBA BARDHAMAN,2821,PURBASTHALI-I
306,PURBA BARDHAMAN,2822,PURBASTHALI-II
312,HOOGHLY,2901,PURSURAH
321,PURULIA,3059,PURULIA-I
321,PURULIA,3060,PURULIA-II
702,KALIMPONG,7355,Pedong
321,PURULIA,3061,RAGHUNATH PUR-I
319,MURSHIDABAD,3019,RAGHUNATHGANJ-I
319,MURSHIDABAD,3020,RAGHUNATHGANJ-II
321,PURULIA,3062,RAGHUNATHPUR-II
311,DINAJPUR UTTAR,2886,RAIGANJ
306,PURBA BARDHAMAN,2823,RAINA-I
306,PURBA BARDHAMAN,2824,RAINA-II
305,BANKURA,2788,RAIPUR-I
303,24 PARAGANAS NORTH,2741,RAJARHAT
314,JALPAIGURI,2931,RAJGANJ
307,BIRBHUM,2840,RAJNAGAR
317,MEDINIPUR EAST,2967,RAMNAGAR-I
317,MEDINIPUR EAST,2968,RAMNAGAR-II
307,BIRBHUM,2841,RAMPURHAT-I
307,BIRBHUM,2842,RAMPURHAT-II
320,NADIA,3039,RANAGHAT-I
320,NADIA,3040,RANAGHAT-II
309,DARJEELING,2869,RANGLI RANGLIOT
305,BANKURA,2789,RANIBUNDH
704,PASCHIM BARDHAMAN,2825,RANIGANJ
319,MURSHIDABAD,3021,RANINAGAR-I
319,MURSHIDABAD,3022,RANINAGAR-II
316,MALDAH,2945,RATUA-I
316,MALDAH,2946,RATUA-II
318,MEDINIPUR WEST,2998,SABANG
304,24 PARAGANAS SOUTH,2771,SAGAR
319,MURSHIDABAD,3023,SAGARDIGHI
307,BIRBHUM,2843,SAINTHIA
704,PASCHIM BARDHAMAN,2826,SALANPUR
318,MEDINIPUR WEST,2999,SALBANI
305,BANKURA,2790,SALTORA
303,24 PARAGANAS NORTH,2742,SANDESHKHALI-I
303,24 PARAGANAS NORTH,2743,SANDESHKHALI-II
703,Jhargram,3000,SANKRAIL
313,HOWRAH,2913,SANKRAIL
320,NADIA,3041,SANTIPUR
321,PURULIA,3063,SANTURI
305,BANKURA,2791,SARENGA
317,MEDINIPUR EAST,2969,SHAHID MATANGINI
319,MURSHIDABAD,3024,SHAMSHERGANJ
313,HOWRAH,2914,SHYAMPUR-I
313,HOWRAH,2915,SHYAMPUR-II
305,BANKURA,2792,SIMLAPAL
312,HOOGHLY,2902,SINGUR
312,HOOGHLY,2903,SIRAMPUR-UTTARPARA
308,COOCHBEHAR,2854,SITAI
308,COOCHBEHAR,2855,SITALKUCHI
305,BANKURA,2793,SONAMUKHI
304,24 PARAGANAS SOUTH,2772,SONARPUR
307,BIRBHUM,2844,SURI-I
307,BIRBHUM,2845,SURI-II
317,MEDINIPUR EAST,2970,SUTAHATA
319,MURSHIDABAD,3025,SUTI-I
319,MURSHIDABAD,3026,SUTI-II
303,24 PARAGANAS NORTH,2744,SWARUPNAGAR
305,BANKURA,2794,TALDANGRA
317,MEDINIPUR EAST,2971,TAMLUK
310,DINAJPUR DAKSHIN,2877,TAPAN
312,HOOGHLY,2904,TARAKESWAR
320,NADIA,3042,TEHATTA-I
320,NADIA,3043,TEHATTA-II
304,24 PARAGANAS SOUTH,2773,THAKURPUKUR MAHESTOLA
308,COOCHBEHAR,2856,TUFANGANJ-I
308,COOCHBEHAR,2857,TUFANGANJ-II
313,HOWRAH,2916,UDAYNARAYANPUR
313,HOWRAH,2917,ULUBERIA-I
313,HOWRAH,2918,ULUBERIA-II
305,BANKURA,2795,VISHNUPUR
303,24 PARAGANAS NORTH,,
315,KOLKATA,,
