district_code,district_name,subdistrict_code,subdistrict_name
664,Alipurduar,2173,Alipurduar - I
664,Alipurduar,2174,Alipurduar - II
303,24 PARAGANAS NORTH,2322,Amdanga
313,HOWRAH,2400,Amta - I
313,HOWRAH,2399,Amta - II
312,HOOGHLY,2340,Arambag
321,PURULIA,2389,Arsha
306,PURBA BARDHAMAN,2277,Ausgram - I
306,PURBA BARDHAMAN,2276,Ausgram - II
314,JALPAIGURI,7118,BANARHAT
303,24 PARAGANAS NORTH,2328,Baduria
303,24 PARAGANAS NORTH,2316,Bagda
321,PURULIA,2392,Bagmundi
313,HOWRAH,2408,Bagnan - I
313,HOWRAH,2409,Bagnan - II
312,HOOGHLY,2345,Balagarh
321,PURULIA,2393,Balarampur
313,HOWRAH,2403,Bally Jagachha
310,DINAJPUR DAKSHIN,2204,Balurghat
316,MALDAH,2215,Bamangola
305,BANKURA,2361,Bankura - I
305,BANKURA,2362,Bankura - II
310,DINAJPUR DAKSHIN,2206,Bansihari
704,PASCHIM BARDHAMAN,2269,Barabani
321,PURULIA,2394,Barabazar
303,24 PARAGANAS NORTH,2325,Barasat - I
303,24 PARAGANAS NORTH,2326,Barasat - II
305,BANKURA,2363,Barjora
303,24 PARAGANAS NORTH,2323,Barrackpur - I
303,24 PARAGANAS NORTH,2324,Barrackpur - II
304,24 PARAGANAS SOUTH,2422,Baruipur
304,24 PARAGANAS SOUTH,2434,Basanti
303,24 PARAGANAS NORTH,2329,Basirhat - I
303,24 PARAGANAS NORTH,2330,Basirhat - II
319,MURSHIDABAD,2244,Beldanga - I
319,MURSHIDABAD,2245,Beldanga - II
319,MURSHIDABAD,2241,Berhampore
319,MURSHIDABAD,2231,Bhagawangola - I
319,MURSHIDABAD,2232,Bhagawangola - II
317,MEDINIPUR EAST,2480,Bhagawanpur - I
317,MEDINIPUR EAST,2479,Bhagawanpur - II
304,24 PARAGANAS SOUTH,2418,Bhangar - I
304,24 PARAGANAS SOUTH,2419,Bhangar - II
319,MURSHIDABAD,2247,Bharatpur - I
319,MURSHIDABAD,2246,Bharatpur - II
306,PURBA BARDHAMAN,2286,Bhatar
703,Jhargram,2442,Binpur - I
703,Jhargram,2441,Binpur - II
304,24 PARAGANAS SOUTH,2415,Bishnupur - I
304,24 PARAGANAS SOUTH,2416,Bishnupur - II
307,BIRBHUM,2264,Bolpur Sriniketan
303,24 PARAGANAS NORTH,2317,Bongaon
304,24 PARAGANAS SOUTH,2413,Budge Budge - I
304,24 PARAGANAS SOUTH,2414,Budge Budge - II
321,PURULIA,2397,Bundwan
306,PURBA BARDHAMAN,2289,Burdwan - I
306,PURBA BARDHAMAN,2290,Burdwan - II
319,MURSHIDABAD,2248,Burwan
308,COOCHBEHAR,2183,COOCHBEHAR I
304,24 PARAGANAS SOUTH,2420,Canning - I
304,24 PARAGANAS SOUTH,2421,Canning - II
320,NADIA,2314,Chakdah
316,MALDAH,2210,Chanchal - I
316,MALDAH,2211,Chanchal - II
317,MEDINIPUR EAST,2481,Chandipur
312,HOOGHLY,2351,Chanditala - I
312,HOOGHLY,2352,Chanditala - II
318,MEDINIPUR WEST,2446,Chandrakona - I
318,MEDINIPUR WEST,2447,Chandrakona - II
320,NADIA,2305,Chapra
305,BANKURA,2359,Chhatna
312,HOOGHLY,2346,Chinsurah - Magra
311,DINAJPUR UTTAR,2191,Chopra
317,MEDINIPUR EAST,2488,Contai - I
317,MEDINIPUR EAST,2490,Contai - III
308,COOCHBEHAR,2184,Cooch Behar - II
318,MEDINIPUR WEST,2467,Dantan - I
318,MEDINIPUR WEST,2468,Dantan - II
309,DARJEELING,2154,Darjeeling Pulbazar
318,MEDINIPUR WEST,2449,Daspur - I
318,MEDINIPUR WEST,2450,Daspur - II
318,MEDINIPUR WEST,2462,Debra
303,24 PARAGANAS NORTH,2327,Deganga
317,MEDINIPUR EAST,2489,Deshopran
312,HOOGHLY,2343,Dhaniakhali
314,JALPAIGURI,2176,Dhupguri
304,24 PARAGANAS SOUTH,2426,Diamond Harbour - I
304,24 PARAGANAS SOUTH,2427,Diamond Harbour - II
308,COOCHBEHAR,2187,Dinhata - I
308,COOCHBEHAR,2188,Dinhata - II
313,HOWRAH,2402,Domjur
319,MURSHIDABAD,2235,Domkal
307,BIRBHUM,2266,Dubrajpur
317,MEDINIPUR EAST,2491,Egra - I
317,MEDINIPUR EAST,2492,Egra - II
316,MALDAH,2218,English Bazar
664,Alipurduar,2175,Falakata
304,24 PARAGANAS SOUTH,2425,Falta
319,MURSHIDABAD,2223,Farakka
704,PASCHIM BARDHAMAN,2274,Faridpur Durgapur
303,24 PARAGANAS NORTH,2318,Gaighata
306,PURBA BARDHAMAN,2287,Galsi - I
306,PURBA BARDHAMAN,2288,Galsi - II
305,BANKURA,2358,Gangajalghati
310,DINAJPUR DAKSHIN,2201,Gangarampur
318,MEDINIPUR WEST,2444,Garbeta - I
318,MEDINIPUR WEST,2443,Garbeta - II
318,MEDINIPUR WEST,2445,Garbeta - III
316,MALDAH,2214,Gazole
318,MEDINIPUR WEST,2448,Ghatal
311,DINAJPUR UTTAR,2193,Goalpokhar - I
311,DINAJPUR UTTAR,2194,Goalpokhar - II
312,HOOGHLY,2338,Goghat - I
312,HOOGHLY,2339,Goghat - II
703,Jhargram,2457,Gopiballavpur - I
703,Jhargram,2456,Gopiballavpur - II
702,KALIMPONG,2158,Gorubathan
304,24 PARAGANAS SOUTH,2435,Gosaba
316,MALDAH,2216,Habibpur
303,24 PARAGANAS NORTH,2320,Habra - I
303,24 PARAGANAS NORTH,2321,Habra - II
317,MEDINIPUR EAST,2483,Haldia
308,COOCHBEHAR,2179,Haldibari
320,NADIA,2310,Hanskhali
319,MURSHIDABAD,2242,Hariharpara
320,NADIA,2315,Haringhata
312,HOOGHLY,2348,Haripal
310,DINAJPUR DAKSHIN,2207,Harirampur
316,MALDAH,2208,Harischandrapur - I
316,MALDAH,2209,Harischandrapur - II
303,24 PARAGANAS NORTH,2331,Haroa
303,24 PARAGANAS NORTH,2336,Hasnabad
311,DINAJPUR UTTAR,2197,Hemtabad
310,DINAJPUR DAKSHIN,2203,Hilli
303,24 PARAGANAS NORTH,2337,Hingalganj
305,BANKURA,2374,Hirbandh
321,PURULIA,2386,Hura
307,BIRBHUM,2265,Illambazar
305,BANKURA,2360,Indpur
305,BANKURA,2366,Indus
311,DINAJPUR UTTAR,2192,Islampur
311,DINAJPUR UTTAR,2199,Itahar
313,HOWRAH,2401,Jagatballavpur
321,PURULIA,2378,Jaipur
319,MURSHIDABAD,2234,Jalangi
314,JALPAIGURI,2178,Jalpaiguri
306,PURBA BARDHAMAN,2295,Jamalpur
703,Jhargram,2455,Jamboni
704,PASCHIM BARDHAMAN,2270,Jamuria
312,HOOGHLY,2353,Jangipara
304,24 PARAGANAS SOUTH,2431,Jaynagar - I
304,24 PARAGANAS SOUTH,2432,Jaynagar - II
305,BANKURA,2368,Jaypur
321,PURULIA,2390,Jhalda - I
321,PURULIA,2391,Jhalda - II
703,Jhargram,2454,Jhargram
309,DARJEELING,2159,Jorebunglow Sukiapokhri
320,NADIA,6966,KALYANI
314,JALPAIGURI,7119,KRANTI
304,24 PARAGANAS SOUTH,2437,Kakdwip
664,Alipurduar,2171,Kalchini
316,MALDAH,2220,Kaliachak - I
316,MALDAH,2221,Kaliachak - II
316,MALDAH,2222,Kaliachak - III
311,DINAJPUR UTTAR,2198,Kaliaganj
320,NADIA,2303,Kaliganj
702,KALIMPONG,2157,Kalimpong - II
702,KALIMPONG,2156,Kalimpong -I
306,PURBA BARDHAMAN,2293,Kalna - I
306,PURBA BARDHAMAN,2294,Kalna - II
319,MURSHIDABAD,2240,Kandi
704,PASCHIM BARDHAMAN,2275,Kanksa
311,DINAJPUR UTTAR,2195,Karandighi
320,NADIA,2299,Karimpur - I
320,NADIA,2300,Karimpur - II
321,PURULIA,2385,Kashipur
306,PURBA BARDHAMAN,2281,Katwa - I
306,PURBA BARDHAMAN,2282,Katwa - II
318,MEDINIPUR WEST,2466,Keshiary
318,MEDINIPUR WEST,2451,Keshpur
306,PURBA BARDHAMAN,2279,Ketugram - I
306,PURBA BARDHAMAN,2280,Ketugram - II
312,HOOGHLY,2354,Khanakul - I
312,HOOGHLY,2355,Khanakul - II
306,PURBA BARDHAMAN,2297,Khandaghosh
318,MEDINIPUR WEST,2460,Kharagpur - I
318,MEDINIPUR WEST,2461,Kharagpur - II
319,MURSHIDABAD,2239,Khargram
309,DARJEELING,2165,Kharibari
305,BANKURA,2373,Khatra
317,MEDINIPUR EAST,2486,Khejuri - I
317,MEDINIPUR EAST,2487,Khejuri - II
307,BIRBHUM,2267,Khoyrasol
317,MEDINIPUR EAST,2471,Kolaghat
305,BANKURA,2367,Kotulpur
320,NADIA,2309,Krishnaganj
320,NADIA,2308,Krishnagar - I
320,NADIA,2306,Krishnagar - II
304,24 PARAGANAS SOUTH,2428,Kulpi
304,24 PARAGANAS SOUTH,2433,Kultali
310,DINAJPUR DAKSHIN,2202,Kumarganj
664,Alipurduar,2172,Kumargram
309,DARJEELING,2161,Kurseong
310,DINAJPUR DAKSHIN,2200,Kushmundi
702,KALIMPONG,7050,LAVA
307,BIRBHUM,2262,Labpur
319,MURSHIDABAD,2229,Lalgola
308,COOCHBEHAR,2182,MATHABHANGA II
664,Alipurduar,2170,Madarihat
304,24 PARAGANAS SOUTH,2424,Magrahat - I
304,24 PARAGANAS SOUTH,2423,Magrahat - II
317,MEDINIPUR EAST,2475,Mahisadal
314,JALPAIGURI,2167,Mal
316,MALDAH,2217,Maldah (Old)
321,PURULIA,2395,Manbazar - I
321,PURULIA,2396,Manbazar - II
304,24 PARAGANAS SOUTH,2429,Mandirbazar
306,PURBA BARDHAMAN,2278,Mangolkote
316,MALDAH,2219,Manikchak
306,PURBA BARDHAMAN,2285,Manteswar
308,COOCHBEHAR,2181,Mathabhanga - I
304,24 PARAGANAS SOUTH,2430,Mathurapur - I
304,24 PARAGANAS SOUTH,2436,Mathurapur - II
314,JALPAIGURI,2168,Matiali
309,DARJEELING,2162,Matigara
314,JALPAIGURI,2177,Maynaguri
307,BIRBHUM,2255,Mayureswar - I
307,BIRBHUM,2256,Mayureswar - II
305,BANKURA,2357,Mejhia
308,COOCHBEHAR,2180,Mekliganj
306,PURBA BARDHAMAN,2291,Memari - I
306,PURBA BARDHAMAN,2292,Memari - II
318,MEDINIPUR WEST,2453,Midnapore
303,24 PARAGANAS NORTH,2333,Minakhan
309,DARJEELING,2160,Mirik
307,BIRBHUM,2257,Mohammad Bazar
318,MEDINIPUR WEST,2469,Mohanpur
317,MEDINIPUR EAST,2476,Moyna
307,BIRBHUM,2249,Murarai - I
307,BIRBHUM,2250,Murarai - II
319,MURSHIDABAD,2237,Murshidabad Jiaganj
320,NADIA,2307,Nabadwip
319,MURSHIDABAD,2238,Nabagram
314,JALPAIGURI,2169,Nagrakata
320,NADIA,2304,Nakashipara
307,BIRBHUM,2251,Nalhati - I
307,BIRBHUM,2252,Nalhati - II
304,24 PARAGANAS SOUTH,2439,Namkhana
317,MEDINIPUR EAST,2474,Nanda Kumar
317,MEDINIPUR EAST,2484,Nandigram - I
317,MEDINIPUR EAST,2485,Nandigram - II
307,BIRBHUM,2263,Nanoor
318,MEDINIPUR WEST,2465,Narayangarh
319,MURSHIDABAD,2243,Nawda
309,DARJEELING,2163,Naxalbari
703,Jhargram,2458,Nayagram
321,PURULIA,2383,Neturia
305,BANKURA,2370,Onda
704,PASCHIM BARDHAMAN,2272,Ondal
702,KALIMPONG,7051,PEDONG
313,HOWRAH,2405,Panchla
704,PASCHIM BARDHAMAN,2273,Pandabeswar
312,HOOGHLY,2344,Pandua
317,MEDINIPUR EAST,2470,Panskura
321,PURULIA,2380,Para
304,24 PARAGANAS SOUTH,2440,Patharpratima
305,BANKURA,2365,Patrasayer
309,DARJEELING,2164,Phansidewa
318,MEDINIPUR WEST,2463,Pingla
312,HOOGHLY,2347,Polba - Dadpur
317,MEDINIPUR EAST,2477,Potashpur - I
317,MEDINIPUR EAST,2478,Potashpur - II
321,PURULIA,2388,Puncha
306,PURBA BARDHAMAN,2283,Purbasthali - I
306,PURBA BARDHAMAN,2284,Purbasthali - II
312,HOOGHLY,2341,Pursura
321,PURULIA,2387,Purulia - I
321,PURULIA,2379,Purulia - II
319,MURSHIDABAD,2227,Raghunathganj - I
319,MURSHIDABAD,2228,Raghunathganj - II
321,PURULIA,2382,Raghunathpur - I
321,PURULIA,2381,Raghunathpur - II
311,DINAJPUR UTTAR,2196,Raiganj
306,PURBA BARDHAMAN,2296,Raina - I
306,PURBA BARDHAMAN,2298,Raina - II
305,BANKURA,2376,Raipur
303,24 PARAGANAS NORTH,2332,Rajarhat
314,JALPAIGURI,2166,Rajganj
307,BIRBHUM,2258,Rajnagar
317,MEDINIPUR EAST,2493,Ramnagar - I
317,MEDINIPUR EAST,2494,Ramnagar - II
307,BIRBHUM,2253,Rampurhat - I
307,BIRBHUM,2254,Rampurhat - II
320,NADIA,2312,Ranaghat - I
320,NADIA,2313,Ranaghat - II
309,DARJEELING,2155,Rangli Rangliot
305,BANKURA,2375,Ranibundh
704,PASCHIM BARDHAMAN,2271,Raniganj
319,MURSHIDABAD,2236,Raninagar - I
319,MURSHIDABAD,2233,Raninagar - II
316,MALDAH,2212,Ratua - I
316,MALDAH,2213,Ratua - II
318,MEDINIPUR WEST,2464,Sabang
304,24 PARAGANAS SOUTH,2438,Sagar
319,MURSHIDABAD,2230,Sagardighi
317,MEDINIPUR EAST,2473,Sahid Matangini
307,BIRBHUM,2261,Sainthia
704,PASCHIM BARDHAMAN,2268,Salanpur
318,MEDINIPUR WEST,2452,Salbani
305,BANKURA,2356,Saltora
319,MURSHIDABAD,2224,Samserganj
303,24 PARAGANAS NORTH,2334,Sandeshkhali - I
303,24 PARAGANAS NORTH,2335,Sandeshkhali - II
313,HOWRAH,2404,Sankrail
703,Jhargram,2459,Sankrail
320,NADIA,2311,Santipur
321,PURULIA,2384,Santuri
305,BANKURA,2377,Sarenga
312,HOOGHLY,2350,Serampur Uttarpara
313,HOWRAH,2410,Shyampur - I
313,HOWRAH,2411,Shyampur - II
305,BANKURA,2372,Simlapal
312,HOOGHLY,2349,Singur
308,COOCHBEHAR,2189,Sitai
308,COOCHBEHAR,2190,Sitalkuchi
305,BANKURA,2364,Sonamukhi
304,24 PARAGANAS SOUTH,2417,Sonar pur
307,BIRBHUM,2259,Suri - I
307,BIRBHUM,2260,Suri - II
317,MEDINIPUR EAST,2482,Sutahata
319,MURSHIDABAD,2225,Suti - I
319,MURSHIDABAD,2226,Suti - II
303,24 PARAGANAS NORTH,2319,Swarupnagar
305,BANKURA,2371,Taldangra
317,MEDINIPUR EAST,2472,Tamluk
310,DINAJPUR DAKSHIN,2205,Tapan
312,HOOGHLY,2342,Tarakeswar
320,NADIA,2301,Tehatta - I
320,NADIA,2302,Tehatta - II
304,24 PARAGANAS SOUTH,2412,Thakurpukur Mahestola
308,COOCHBEHAR,2185,Tufanganj - I
308,COOCHBEHAR,2186,Tufanganj - II
313,HOWRAH,2398,Udaynarayanpur
313,HOWRAH,2407,Uluberia - I
313,HOWRAH,2406,Uluberia - II
305,BANKURA,2369,Vishnupur
304,24 PARAGANAS SOUTH,,
307,BIRBHUM,,
315,KOLKATA,,
