referral_id,care_episode_id,patient_id,from_facility_id,to_facility_id,current_state_medexa,reason,priority,created_at
7e33d4d6-1612-4783-ae2d-96a8a80c6975,1218cb80-6f34-4c71-bc59-1c01c522820c,1190024c-ebc1-4d79-a552-85df639a0946,MED-WB-FAC-000372,MED-WB-FAC-000345,SENT,High-Risk ANC (Third Trimester) - Severe Preeclampsia,HIGH,2026-08-11T10:00:00+00:00
98e2b960-159d-4f32-848c-aaaea49a8eb3,e8dfc37d-6b49-47be-9a62-eb0e8b04616f,fca43491-689a-46cc-b509-09b179d039d2,MED-WB-FAC-000372,MED-WB-FAC-000345,RECEIVED,Severe Child Malnutrition (SAM) with Complications,MEDIUM,2026-08-08T10:00:00+00:00
efaefbc5-18f5-4723-b8ae-4c64b33d7015,0328f00b-6601-466f-ad07-4d40dcd774fc,e8442467-e3c8-479a-96f1-d2ddc6e3c0a0,MED-WB-FAC-000372,MED-WB-FAC-000345,ACCEPTED,Acute Respiratory Distress - Suspected Pneumonia,MEDIUM,2026-08-02T10:00:00+00:00
244d0ad1-6584-436a-b544-ea14b15e82b0,2803f705-72e7-48cc-b8f4-1988ef09edad,f6b7ae26-b513-4f2a-bd43-f96a65c2777f,MED-WB-FAC-000372,MED-WB-FAC-000349,APPOINTMENT_QUEUED,Uncontrolled Hypertension & Diabetes - Cardiology Evaluation,HIGH,2026-08-12T10:00:00+00:00
513aec7a-5afc-4fae-b145-142b95e49514,0aa24492-dba0-432e-806b-08d34bfded33,01b97395-d79b-43f9-9c98-0feb76b0bee7,MED-WB-FAC-000372,MED-WB-FAC-000349,EMERGENCY_ESCALATED,Suspected Tuberculosis (TB) - Sputum Testing Required,CRITICAL,2026-08-29T10:00:00+00:00
726eaa8f-110b-4a50-94b1-7a89a19d2cdc,7e98d957-6392-4d2d-9b67-190a5114570d,34d5f22f-226b-4ef3-b795-4db48c66b352,MED-WB-FAC-000372,MED-WB-FAC-000349,CONSULTED,Emergency Obstetric Hemorrhage,CRITICAL,2026-08-24T10:00:00+00:00
cd6d4d88-6c71-46d6-9607-6fef9b41d7f6,102428ce-9756-44d0-9266-d6b252f71cb1,7904d9c0-7bc5-42d2-a4f2-52789bc4d321,MED-WB-FAC-000372,MED-WB-FAC-000349,REFERRED_BACK,Severe Persistent Malarial Fever,HIGH,2026-08-23T10:00:00+00:00
c452376b-a0a0-4fa6-803e-c3c18f78d261,d76b82f1-73a5-4201-8114-d35fb233f5ab,092c4932-c0fe-4081-8946-a19b66c2e780,MED-WB-FAC-000372,MED-WB-FAC-000349,FOLLOW_UP_DUE,Acute Abdomen - Surgical Consultation Required,MEDIUM,2026-08-20T10:00:00+00:00
99b5ec2e-d7db-416b-8751-7990a9609162,8785a18d-668e-4b83-96ad-abb1515f5cb0,f599ebdb-fa67-4b5d-8d7c-ab14bd749f03,MED-WB-FAC-000372,MED-WB-FAC-000349,FOLLOW_UP_COMPLETED,High-Risk ANC (Third Trimester) - Severe Preeclampsia,MEDIUM,2026-08-12T10:00:00+00:00
c6454e31-5509-4a51-b8ee-f5f8298a69d2,ded10478-5fab-412a-a0c7-030cf9eafb0d,5884703e-f76b-4a9b-b836-bd75425883ae,MED-WB-FAC-000372,MED-WB-FAC-000349,CLOSED,Severe Child Malnutrition (SAM) with Complications,HIGH,2026-08-01T10:00:00+00:00
78b57dc0-8f46-4eec-9bbe-c7ad7cc16cf1,f0c78184-9b6c-4738-af35-7272a9e5e315,a8f79c08-0946-413d-9d12-643ca87aa7e2,MED-WB-FAC-000372,MED-WB-FAC-000349,PATIENT_NO_SHOW,Acute Respiratory Distress - Suspected Pneumonia,MEDIUM,2026-08-31T10:00:00+00:00
5d923f27-e4e2-4b19-a290-6faa8567a17c,c3e8b323-bfdf-49a0-b431-da51e895dab4,2de92353-247c-48b5-9040-34c738f82aca,MED-WB-FAC-000372,MED-WB-FAC-000345,SENT,Uncontrolled Hypertension & Diabetes - Cardiology Evaluation,MEDIUM,2026-08-18T10:00:00+00:00
02eb21b8-9f5e-4ed8-ba6c-b98718b53ebe,fbe4538e-0291-4789-81a9-afc14113d41f,8c728a2d-3e50-4df2-b3b9-9f17d575d9b2,MED-WB-FAC-000372,MED-WB-FAC-000345,RECEIVED,Suspected Tuberculosis (TB) - Sputum Testing Required,HIGH,2026-08-04T10:00:00+00:00
ac989987-064f-40ba-9081-8bb8ac59be0d,bceac444-200a-4ba3-9414-e5564ee9cc5f,8d7f6ce9-ae47-41cf-8b96-3bcb9d3f895e,MED-WB-FAC-000372,MED-WB-FAC-000345,ACCEPTED,Emergency Obstetric Hemorrhage,MEDIUM,2026-08-28T10:00:00+00:00
aa358b4b-dae2-419a-81dc-8c2c5a0d023c,7dfd762e-1f48-43b9-bfcc-e9d086368515,ae1aff47-38d1-4389-94bf-72c501e039f9,MED-WB-FAC-000372,MED-WB-FAC-000349,APPOINTMENT_QUEUED,Severe Persistent Malarial Fever,MEDIUM,2026-08-13T10:00:00+00:00
c5cfcccc-401b-4f8b-8111-010570818ffb,e76a05ad-3b40-40e3-970d-93d7f348ced3,9ceb99d0-5598-4592-adda-59574c5e2088,MED-WB-FAC-000372,MED-WB-FAC-000349,EMERGENCY_ESCALATED,Acute Abdomen - Surgical Consultation Required,CRITICAL,2026-08-13T10:00:00+00:00
24b6f119-6401-4309-bbdb-46fc2c8db952,b92f1b18-90a3-4f53-a73d-f258ae4b6d66,4bef40c0-d88c-4454-89d6-06d4bcc42fc0,MED-WB-FAC-000372,MED-WB-FAC-000349,CONSULTED,High-Risk ANC (Third Trimester) - Severe Preeclampsia,CRITICAL,2026-08-21T10:00:00+00:00
6fde77da-c58b-4e85-ba48-8662ae1336e5,5e8f6560-efac-45cf-981b-28907aa390ab,235cade3-8b4a-4f78-9806-1fb6274f8aa4,MED-WB-FAC-000372,MED-WB-FAC-000349,REFERRED_BACK,Severe Child Malnutrition (SAM) with Complications,MEDIUM,2026-08-10T10:00:00+00:00
6459d56e-c17f-4b29-ad59-de9b75d146e5,9d5fbcea-aa9a-4c52-bdc4-02ad1f3d3720,290c95a0-c953-4dfd-9ccc-c0000e0b7063,MED-WB-FAC-000372,MED-WB-FAC-000349,FOLLOW_UP_DUE,Acute Respiratory Distress - Suspected Pneumonia,HIGH,2026-08-20T10:00:00+00:00
13b5f9a5-ebd6-45bd-a206-15c1a9d12bbe,a535f2ac-1aa5-48d1-9d00-7bc79bc06aa6,27a20c5a-91df-4cbf-bb07-b12cca9816ac,MED-WB-FAC-000372,MED-WB-FAC-000349,FOLLOW_UP_COMPLETED,Uncontrolled Hypertension & Diabetes - Cardiology Evaluation,MEDIUM,2026-08-18T10:00:00+00:00
7c13621f-fa23-4ce3-9096-2afb8a54bc4e,5e7ec54c-237e-470d-bb12-d1353551c8eb,b3372bfd-3fe5-42ff-9c74-1d58911cd7c8,MED-WB-FAC-000372,MED-WB-FAC-000349,CLOSED,Suspected Tuberculosis (TB) - Sputum Testing Required,MEDIUM,2026-08-06T10:00:00+00:00
ad07a73f-3eb4-4595-94c2-491a17c0a987,a4e7048c-926d-4a0f-999d-8c116fbbb572,b580c7f5-ac7a-4a9b-b64a-22c1b903233d,MED-WB-FAC-000372,MED-WB-FAC-000349,PATIENT_NO_SHOW,Emergency Obstetric Hemorrhage,HIGH,2026-08-17T10:00:00+00:00
dcf3f059-ecf7-4f75-a5f0-03915eda898a,26975f50-a69c-4a27-b2cb-61d70b1bfce6,f35c3eb5-53c3-4dad-a855-8623faa495ec,MED-WB-FAC-000372,MED-WB-FAC-000345,SENT,Severe Persistent Malarial Fever,MEDIUM,2026-08-05T10:00:00+00:00
1c427534-1edb-49fe-bb13-3168d95c9812,c8374ca5-82d5-421a-94a4-b8a1533a8028,984cc68b-c960-45e8-87be-6b9dc143f7f3,MED-WB-FAC-000372,MED-WB-FAC-000345,RECEIVED,Acute Abdomen - Surgical Consultation Required,MEDIUM,2026-08-04T10:00:00+00:00
0db47e33-42b3-4309-be77-966112bd3502,50431e3f-df10-4fbf-aaef-8ddc7dd01f9d,44be6607-b37a-4360-9703-81534413df12,MED-WB-FAC-000372,MED-WB-FAC-000345,ACCEPTED,High-Risk ANC (Third Trimester) - Severe Preeclampsia,HIGH,2026-08-01T10:00:00+00:00
832a7b8f-f256-4ba3-a882-08bf78043316,550e217f-0eee-4d20-aafb-2bdefb483bba,14f0b50c-0c04-4b8a-b3bf-7b8fa2a74352,MED-WB-FAC-000372,MED-WB-FAC-000349,APPOINTMENT_QUEUED,Severe Child Malnutrition (SAM) with Complications,MEDIUM,2026-08-12T10:00:00+00:00
2202a166-6165-4db0-abe7-a1a278171f1d,7fc5c74f-e687-4db0-85ba-de9ca4425aaa,2f02ea99-cfdf-4479-a9b1-08c2ee513403,MED-WB-FAC-000372,MED-WB-FAC-000349,EMERGENCY_ESCALATED,Acute Respiratory Distress - Suspected Pneumonia,CRITICAL,2026-08-12T10:00:00+00:00
de1e50ee-3803-43c3-96ae-789b764954d5,f7146966-cde4-4637-afa8-7458c23f0631,386f5c97-0f2c-41d5-88f4-e6eaab0d46c7,MED-WB-FAC-000372,MED-WB-FAC-000349,CONSULTED,Uncontrolled Hypertension & Diabetes - Cardiology Evaluation,CRITICAL,2026-08-22T10:00:00+00:00
df782902-8205-4f9b-8823-1391ff49e92c,baeb146d-0c1c-4f89-8698-5190deea6e08,f4e93599-65f1-4e97-bae7-b6851ed541ab,MED-WB-FAC-000372,MED-WB-FAC-000349,REFERRED_BACK,Suspected Tuberculosis (TB) - Sputum Testing Required,MEDIUM,2026-08-07T10:00:00+00:00
8ea1a7bc-0b3e-44a3-89d4-9ac4e18de1fc,79adfbb4-27f3-4a1f-a466-6b0e345c08dd,a583e9fa-44ab-4a8b-85c3-c8a4d355f707,MED-WB-FAC-000372,MED-WB-FAC-000349,FOLLOW_UP_DUE,Emergency Obstetric Hemorrhage,MEDIUM,2026-08-15T10:00:00+00:00
2524285b-2cb1-4fa3-89f3-945b8f65237d,e26f7cd1-e03a-4bb2-873b-d0c3d1e6efd5,59e3e6f5-1972-44dc-883a-ebceb9bdec22,MED-WB-FAC-000372,MED-WB-FAC-000349,FOLLOW_UP_COMPLETED,Severe Persistent Malarial Fever,HIGH,2026-08-27T10:00:00+00:00
31bee0f8-7185-4999-b7fc-ac856f3177d2,373a8ae7-2ed7-4bee-82ac-0edfed2da9eb,33d1008d-9274-4ae7-b5e6-5c98865808d0,MED-WB-FAC-000372,MED-WB-FAC-000349,CLOSED,Acute Abdomen - Surgical Consultation Required,MEDIUM,2026-08-24T10:00:00+00:00
8a6d287c-639d-43df-adb3-f55990358378,2473e690-57ce-4e4a-b3af-354477429eb7,80beef33-31c0-4027-b4d0-56acbf966f68,MED-WB-FAC-000372,MED-WB-FAC-000349,PATIENT_NO_SHOW,High-Risk ANC (Third Trimester) - Severe Preeclampsia,MEDIUM,2026-08-10T10:00:00+00:00
7f8cfcc9-51b6-4d43-b271-c070e1993bd6,36d7da84-4288-4219-ae88-98b519c96357,e01e43d0-20c5-4bd5-bb21-1e08cceed3f8,MED-WB-FAC-000372,MED-WB-FAC-000345,SENT,Severe Child Malnutrition (SAM) with Complications,HIGH,2026-08-03T10:00:00+00:00
68540b36-f46a-4a40-9782-d73467392fc6,fdf593f8-312d-496f-918c-3c68a24858dd,6a05d02d-a2b1-480a-b7db-6c30028e2d30,MED-WB-FAC-000372,MED-WB-FAC-000345,RECEIVED,Acute Respiratory Distress - Suspected Pneumonia,MEDIUM,2026-08-28T10:00:00+00:00
4bf8ce0c-6dc6-4076-9d06-fb76a52f29e3,cf3cc8d5-68a1-4efb-a216-c2ac0b21a259,ae197ac3-7a3e-4817-8c11-080f944e77e1,MED-WB-FAC-000372,MED-WB-FAC-000345,ACCEPTED,Uncontrolled Hypertension & Diabetes - Cardiology Evaluation,MEDIUM,2026-08-18T10:00:00+00:00
31049cdc-7335-431c-831a-9ba504acb320,9ac496c6-d53a-4823-ba99-593bc506e1df,d1879340-ba1a-4408-bdd4-d0fee829888f,MED-WB-FAC-000372,MED-WB-FAC-000349,APPOINTMENT_QUEUED,Suspected Tuberculosis (TB) - Sputum Testing Required,HIGH,2026-08-11T10:00:00+00:00
389a1b8b-9d7e-4030-b97e-09481b42d9e2,aa058e01-5cb9-470d-8295-69ab3a9f9527,d099f919-f036-4209-86f4-272646ddd7f0,MED-WB-FAC-000372,MED-WB-FAC-000349,EMERGENCY_ESCALATED,Emergency Obstetric Hemorrhage,CRITICAL,2026-08-28T10:00:00+00:00
635938bc-e2e1-4364-939a-7956ba7d0464,74bc2c87-9024-4c35-8a33-953de37ad18d,a2af1bd6-b56e-470c-94ea-6b7bc9e1b714,MED-WB-FAC-000372,MED-WB-FAC-000349,CONSULTED,Severe Persistent Malarial Fever,CRITICAL,2026-08-09T10:00:00+00:00
926417ca-de46-4523-a263-67a332074083,3be94628-ed98-480e-9138-727c3baa8b5f,451d2ae1-7dbc-49bf-ab29-d2c5f6b7b2dc,MED-WB-FAC-000372,MED-WB-FAC-000349,REFERRED_BACK,Acute Abdomen - Surgical Consultation Required,HIGH,2026-08-13T10:00:00+00:00
25d5b307-82c8-409a-ac6d-c536180cf480,6711d189-aae2-45da-98ba-f333d850ea3e,50d90621-95aa-47ba-9d15-6c68194b7fdc,MED-WB-FAC-000372,MED-WB-FAC-000349,FOLLOW_UP_DUE,High-Risk ANC (Third Trimester) - Severe Preeclampsia,MEDIUM,2026-08-08T10:00:00+00:00
853fd897-b0dd-41b8-9811-295b5c138bc8,9b41fb12-75b7-45c8-bb31-3fb08b651d0e,3d274ab5-b0c1-4964-9133-75e62aec2b5c,MED-WB-FAC-000372,MED-WB-FAC-000349,FOLLOW_UP_COMPLETED,Severe Child Malnutrition (SAM) with Complications,MEDIUM,2026-08-03T10:00:00+00:00
26cbf8e0-f0a0-47c8-9737-2aead56c2f8d,ef07032e-2fe6-42cc-ad23-cd7663842203,295ef57f-b72e-4705-94f7-db00f4364ccd,MED-WB-FAC-000372,MED-WB-FAC-000349,CLOSED,Acute Respiratory Distress - Suspected Pneumonia,HIGH,2026-08-07T10:00:00+00:00
04ea5145-35dd-4888-acd7-2ac72163a35f,1ba45556-2a76-4ece-988f-18b3f7fea257,f92687f9-809d-4704-9e94-1c04ec529f75,MED-WB-FAC-000372,MED-WB-FAC-000349,PATIENT_NO_SHOW,Uncontrolled Hypertension & Diabetes - Cardiology Evaluation,MEDIUM,2026-08-24T10:00:00+00:00
afeba563-73e6-4600-8de4-cb40f159a0bf,f7fad433-6ed6-4bd2-a112-ddd4a6b2d810,6ddeeacc-715a-46e6-92f4-3c9237ccaa0d,MED-WB-FAC-000372,MED-WB-FAC-000345,SENT,Suspected Tuberculosis (TB) - Sputum Testing Required,MEDIUM,2026-08-07T10:00:00+00:00
e82f4198-b2d3-4a1b-b721-d01d9f8d8eba,000a0514-b3fe-4681-88bf-950a4de45dc9,33b09e26-cb4f-44c9-bf7f-f914b2029805,MED-WB-FAC-000372,MED-WB-FAC-000345,RECEIVED,Emergency Obstetric Hemorrhage,HIGH,2026-08-18T10:00:00+00:00
1151c7c5-d38d-497d-b580-0d00e9c707e5,4c6a7056-401d-4550-a48b-951ae9457d41,fc9d8396-e5ba-4c32-9e47-b74ccabdeac0,MED-WB-FAC-000372,MED-WB-FAC-000345,ACCEPTED,Severe Persistent Malarial Fever,MEDIUM,2026-08-20T10:00:00+00:00
88ae41c7-667a-43c0-96c4-ee39eec09590,bc12987c-1358-4057-b20d-162d6870ccf1,77e14b3b-2e5f-4897-819b-028734330cfa,MED-WB-FAC-000372,MED-WB-FAC-000349,APPOINTMENT_QUEUED,Acute Abdomen - Surgical Consultation Required,MEDIUM,2026-08-16T10:00:00+00:00
9be0dbe8-c6ed-42cc-b30c-c2dd06898b50,b211f894-4ad3-45c6-aae0-c83775173856,a136f287-97ea-4bc6-a3b8-346a5b3e686c,MED-WB-FAC-000372,MED-WB-FAC-000349,EMERGENCY_ESCALATED,High-Risk ANC (Third Trimester) - Severe Preeclampsia,CRITICAL,2026-08-13T10:00:00+00:00
8436fb11-c6f7-476e-a9ff-c3832b49b56e,535a3756-2396-40a9-9c83-51272ac30870,206df1d4-5490-4f26-ad20-1faa75a0a837,MED-WB-FAC-000372,MED-WB-FAC-000349,CONSULTED,Severe Child Malnutrition (SAM) with Complications,CRITICAL,2026-08-03T10:00:00+00:00
8e0bce4f-f69e-4076-aee5-46b76451762d,ae74622f-1bb2-4851-ba10-d8de15b5714a,c91ac8db-8d01-4324-b295-a7ea09925bf3,MED-WB-FAC-000372,MED-WB-FAC-000349,REFERRED_BACK,Acute Respiratory Distress - Suspected Pneumonia,MEDIUM,2026-08-26T10:00:00+00:00
d27cf5c9-26b3-4195-8d9d-a8d91934052b,485ec0e9-a744-4d9d-8b74-c2ad893115af,595d64a3-0606-4360-9dd8-8e3f2868eb23,MED-WB-FAC-000372,MED-WB-FAC-000349,FOLLOW_UP_DUE,Uncontrolled Hypertension & Diabetes - Cardiology Evaluation,HIGH,2026-08-29T10:00:00+00:00
e1dbb2c2-2e10-425f-9cb0-87e00a3de695,8bd3d676-7129-4ad7-a047-dedf099d6db7,c813d152-e444-4d6a-b3f5-200075bb3e22,MED-WB-FAC-000372,MED-WB-FAC-000349,FOLLOW_UP_COMPLETED,Suspected Tuberculosis (TB) - Sputum Testing Required,MEDIUM,2026-08-18T10:00:00+00:00
4d18e5aa-a571-4b1c-bcef-3e854402d6e6,9bcb401c-9a36-4e27-92df-d554ce93a969,b806aa25-41cb-40db-b439-e944250bb95d,MED-WB-FAC-000372,MED-WB-FAC-000349,CLOSED,Emergency Obstetric Hemorrhage,MEDIUM,2026-08-17T10:00:00+00:00
672573e0-5307-4561-b649-48d29270e911,93ab6cc7-8ed5-4702-b339-7acf07fe50e7,99f9e3d6-ddd7-4901-99e2-931b8896d7eb,MED-WB-FAC-000372,MED-WB-FAC-000349,PATIENT_NO_SHOW,Severe Persistent Malarial Fever,HIGH,2026-08-20T10:00:00+00:00
b0b8c401-5091-4e90-bfe7-0427aa0160f3,98d723ce-1596-4673-b2e0-1c8abe7d1ce2,05dce92a-f1b9-4d96-a5a0-373eb4a462b0,MED-WB-FAC-000372,MED-WB-FAC-000345,SENT,Acute Abdomen - Surgical Consultation Required,MEDIUM,2026-08-19T10:00:00+00:00
79d65d6d-4ed1-45cb-9e97-3362b296500a,2e482a79-8e17-428f-a056-d3f438a2d995,883772a5-b087-47e7-a635-5923a71fbf84,MED-WB-FAC-000372,MED-WB-FAC-000345,RECEIVED,High-Risk ANC (Third Trimester) - Severe Preeclampsia,MEDIUM,2026-08-16T10:00:00+00:00
e2a13684-2601-4b10-97fb-86ab3220365a,da420e47-a567-4f2c-9e37-3fe1010d5db2,1b5e4d7d-d4b7-4b65-bef4-3493a0c80566,MED-WB-FAC-000372,MED-WB-FAC-000345,ACCEPTED,Severe Child Malnutrition (SAM) with Complications,HIGH,2026-08-29T10:00:00+00:00
55eb882a-3995-4a90-8040-fc6173169669,07afc887-18ec-435c-a04a-2ca6cc68fbf2,61ed58b8-83d1-4d3c-b67a-648f7c0c41a7,MED-WB-FAC-000372,MED-WB-FAC-000349,APPOINTMENT_QUEUED,Acute Respiratory Distress - Suspected Pneumonia,MEDIUM,2026-08-01T10:00:00+00:00
109b1519-fe96-46c6-8ba6-215740128e3c,0e2dc28d-d9aa-4b0c-88be-eee13d272b17,c6a3fd20-ea5d-4cc7-a12b-33cc8981a7f4,MED-WB-FAC-000372,MED-WB-FAC-000349,EMERGENCY_ESCALATED,Uncontrolled Hypertension & Diabetes - Cardiology Evaluation,CRITICAL,2026-08-18T10:00:00+00:00
809fa339-0695-4107-b5ac-f63c91f5b802,1debb91c-139a-42e0-b2ab-032285554d84,d153230d-2229-4cf1-b7b2-5cbf40950656,MED-WB-FAC-000372,MED-WB-FAC-000349,CONSULTED,Suspected Tuberculosis (TB) - Sputum Testing Required,CRITICAL,2026-08-02T10:00:00+00:00
88623970-508d-47d0-b890-68a1e7ef6452,909fb28e-85ca-424e-b110-3b22bdad6359,c5913899-6a51-4466-9aee-f8c7e5ce0427,MED-WB-FAC-000372,MED-WB-FAC-000349,REFERRED_BACK,Emergency Obstetric Hemorrhage,MEDIUM,2026-08-19T10:00:00+00:00
c2397e6d-7324-4920-b74a-a1d87e6d26f7,3ea1c744-0735-4fa3-8609-98b5106df6c6,f1128653-5185-4cb9-b601-76df560a05a6,MED-WB-FAC-000372,MED-WB-FAC-000349,FOLLOW_UP_DUE,Severe Persistent Malarial Fever,MEDIUM,2026-08-06T10:00:00+00:00
92366459-cfbf-4e1d-87f4-7a4d29738e7f,fe18c841-1da9-4f7d-9423-c44fffd3f3af,a67f55af-6839-442b-8a83-e906b3bff513,MED-WB-FAC-000372,MED-WB-FAC-000349,FOLLOW_UP_COMPLETED,Acute Abdomen - Surgical Consultation Required,HIGH,2026-08-25T10:00:00+00:00
4ead3839-cea3-4744-b8fd-81f56ce3a12b,9595c3ee-57e6-4363-a2d5-6bb0d752f463,7dd6547e-cd88-49c6-9d66-46130da337ac,MED-WB-FAC-000372,MED-WB-FAC-000349,CLOSED,High-Risk ANC (Third Trimester) - Severe Preeclampsia,MEDIUM,2026-08-31T10:00:00+00:00
5c713caf-7e1b-415e-941d-a554d57193d9,4cc0e935-e8a6-41d0-bd7a-31baa97f0e6d,c7009849-78ea-40d5-a217-410472433153,MED-WB-FAC-000372,MED-WB-FAC-000349,PATIENT_NO_SHOW,Severe Child Malnutrition (SAM) with Complications,MEDIUM,2026-08-02T10:00:00+00:00
ee28c90c-4bb5-488c-b714-29d793eca391,53c68d54-0828-4b48-8180-c5da53b774e6,388b06a1-031f-427e-b21f-10a6f7b15acd,MED-WB-FAC-000372,MED-WB-FAC-000345,SENT,Acute Respiratory Distress - Suspected Pneumonia,HIGH,2026-08-22T10:00:00+00:00
4eb00be9-008f-4bb9-a55c-f7ddcf469d1f,01a63c66-b6d2-479f-9c5c-8648de6b997a,d728209e-9414-4b6e-8502-c59bc6e43729,MED-WB-FAC-000372,MED-WB-FAC-000345,RECEIVED,Uncontrolled Hypertension & Diabetes - Cardiology Evaluation,MEDIUM,2026-08-24T10:00:00+00:00
66d978ca-f6cb-4a7b-b1dc-cbc71511d374,4188ab05-1e37-4f57-a6f6-3deb44b576c8,97885943-8706-4374-8e49-1e0186500804,MED-WB-FAC-000372,MED-WB-FAC-000345,ACCEPTED,Suspected Tuberculosis (TB) - Sputum Testing Required,MEDIUM,2026-08-20T10:00:00+00:00
f406c4b2-8c12-4d83-ac1e-2653796871ad,5335e2b7-0dac-4bb1-92fb-b60485d03ae6,45f25399-3cc1-4d9a-b1f5-939b7b4ebcd1,MED-WB-FAC-000372,MED-WB-FAC-000349,APPOINTMENT_QUEUED,Emergency Obstetric Hemorrhage,HIGH,2026-08-17T10:00:00+00:00
85fdf434-8aca-4db7-a768-0189832cb3e8,81b6149d-925f-4597-ab3d-bea75eb646bc,20f125ed-8e9b-4a1c-b282-40b50c443ac6,MED-WB-FAC-000372,MED-WB-FAC-000349,EMERGENCY_ESCALATED,Severe Persistent Malarial Fever,CRITICAL,2026-08-30T10:00:00+00:00
88513007-92c1-4de9-b795-44a90c16bd2a,e01864da-b1d5-47f7-9c76-40ebd09579a2,fa7b3d3d-5fd3-4b4a-801c-32e37b36203b,MED-WB-FAC-000372,MED-WB-FAC-000349,CONSULTED,Acute Abdomen - Surgical Consultation Required,CRITICAL,2026-08-18T10:00:00+00:00
d4595d66-a429-4dc2-a6e0-aaedfb8a1e84,cb33c3bb-ad38-428f-a93c-50d6188ae93a,81355ad0-7e6d-4be8-91a8-11ed6d0dcbc2,MED-WB-FAC-000372,MED-WB-FAC-000349,REFERRED_BACK,High-Risk ANC (Third Trimester) - Severe Preeclampsia,HIGH,2026-08-21T10:00:00+00:00
cca5caf6-9b16-4204-bf08-021fd78bde89,4f2dfea8-a606-4459-b878-02b657c3ba6b,2d59d0ef-30b7-4ec5-a741-616e229ca862,MED-WB-FAC-000372,MED-WB-FAC-000349,FOLLOW_UP_DUE,Severe Child Malnutrition (SAM) with Complications,MEDIUM,2026-08-17T10:00:00+00:00
61add257-d02b-43d2-89ee-9edd052c50a1,554ff80c-737c-4b6b-950f-c6acbf58f094,fcffe49b-6133-447e-b88a-eef2ed7e3065,MED-WB-FAC-000372,MED-WB-FAC-000349,FOLLOW_UP_COMPLETED,Acute Respiratory Distress - Suspected Pneumonia,MEDIUM,2026-08-28T10:00:00+00:00
fed9e3e5-f020-4d06-a56b-c3e19c6b7d36,5b01a992-a060-47a7-bd22-067ad4ce0a03,c5b41a93-ff28-4e83-8f19-9e5a5bacded3,MED-WB-FAC-000372,MED-WB-FAC-000349,CLOSED,Uncontrolled Hypertension & Diabetes - Cardiology Evaluation,HIGH,2026-08-06T10:00:00+00:00
a3bb53ce-4997-4ba7-a9ed-9894b63b8f64,34529802-7d53-4c5a-ae60-f18703071f40,164d8cf0-2d5d-4501-988c-91aaa95d7b5a,MED-WB-FAC-000372,MED-WB-FAC-000349,PATIENT_NO_SHOW,Suspected Tuberculosis (TB) - Sputum Testing Required,MEDIUM,2026-08-09T10:00:00+00:00
fc4009f1-a7b9-4fb3-81f4-56ff6aa39554,733157fa-4839-4771-973c-7f1dfe12d8a1,560bda06-70e0-4672-9081-f616be40d482,MED-WB-FAC-000372,MED-WB-FAC-000345,SENT,Emergency Obstetric Hemorrhage,MEDIUM,2026-08-31T10:00:00+00:00
d369a9d5-20a3-4a65-ab43-d1e561457b57,8d790639-b682-47fb-9989-91b0ec33d8f8,1190024c-ebc1-4d79-a552-85df639a0946,MED-WB-FAC-000372,MED-WB-FAC-000345,RECEIVED,Severe Persistent Malarial Fever,HIGH,2026-08-17T10:00:00+00:00
56c04a41-5dbb-4ab7-9acc-98c70071ab64,7add1968-cdd9-421f-8259-ea8a1da7ac1f,1190024c-ebc1-4d79-a552-85df639a0946,MED-WB-FAC-000372,MED-WB-FAC-000345,ACCEPTED,Acute Abdomen - Surgical Consultation Required,MEDIUM,2026-08-17T10:00:00+00:00
b9b0c00a-7e59-47cb-a149-ff222c7e22e8,4cbdf4a5-d175-46a0-b6c6-00ce1b4656fb,6c1a6b58-47e8-4431-9e9a-33eff2925f45,MED-WB-FAC-000372,MED-WB-FAC-000349,APPOINTMENT_QUEUED,High-Risk ANC (Third Trimester) - Severe Preeclampsia,MEDIUM,2026-08-08T10:00:00+00:00
2ccfd039-80c9-4c4a-a5c7-61e19b6a17ae,6ccb934b-9364-411f-add9-bf7aa826be7b,6c1a6b58-47e8-4431-9e9a-33eff2925f45,MED-WB-FAC-000372,MED-WB-FAC-000349,EMERGENCY_ESCALATED,Severe Child Malnutrition (SAM) with Complications,CRITICAL,2026-08-11T10:00:00+00:00
f27d68fa-8452-43f0-a80d-15e39e37fc68,591761c9-23a8-4150-bd3a-89f219114ad5,fca43491-689a-46cc-b509-09b179d039d2,MED-WB-FAC-000372,MED-WB-FAC-000349,CONSULTED,Acute Respiratory Distress - Suspected Pneumonia,CRITICAL,2026-08-04T10:00:00+00:00
712dac3f-bb4b-4550-86a3-3ece65b7e656,344da0d3-03ff-4af9-bd36-6da94b515bf0,e8442467-e3c8-479a-96f1-d2ddc6e3c0a0,MED-WB-FAC-000372,MED-WB-FAC-000349,REFERRED_BACK,Uncontrolled Hypertension & Diabetes - Cardiology Evaluation,MEDIUM,2026-08-13T10:00:00+00:00
7acff4fa-e06f-4603-a3dd-777b0c45f380,4b34b240-be13-4bbd-a7da-b222d838acf3,f6b7ae26-b513-4f2a-bd43-f96a65c2777f,MED-WB-FAC-000372,MED-WB-FAC-000349,FOLLOW_UP_DUE,Suspected Tuberculosis (TB) - Sputum Testing Required,HIGH,2026-08-31T10:00:00+00:00
6a5e4bf3-ece8-4ab8-a0b6-ae1b3231a76b,824b44c8-d5db-4a3e-b544-738e943ad518,01b97395-d79b-43f9-9c98-0feb76b0bee7,MED-WB-FAC-000372,MED-WB-FAC-000349,FOLLOW_UP_COMPLETED,Emergency Obstetric Hemorrhage,MEDIUM,2026-08-22T10:00:00+00:00
2b065fd6-66b0-42e9-bb0c-a488e0df4f7b,dbda0005-b408-4162-a100-d44a3ee9aadd,92bdd923-6941-4721-a3bd-6fad4760b882,MED-WB-FAC-000372,MED-WB-FAC-000349,CLOSED,Severe Persistent Malarial Fever,MEDIUM,2026-08-01T10:00:00+00:00
57820cc5-8c48-412c-8d74-6cd0d5dce586,6e788aca-cfb2-40ca-a942-9d1cbcb767b1,92bdd923-6941-4721-a3bd-6fad4760b882,MED-WB-FAC-000372,MED-WB-FAC-000349,PATIENT_NO_SHOW,Acute Abdomen - Surgical Consultation Required,HIGH,2026-08-02T10:00:00+00:00
ef67f028-27c2-4796-bcfb-e72bde46c032,c781b9f7-49a8-443e-9a65-23f97beaf793,34d5f22f-226b-4ef3-b795-4db48c66b352,MED-WB-FAC-000372,MED-WB-FAC-000345,SENT,High-Risk ANC (Third Trimester) - Severe Preeclampsia,MEDIUM,2026-08-20T10:00:00+00:00
5612f569-7743-4725-85c2-ec44280ada8a,4da4dddf-a207-49cd-8dcc-4336a022adfe,7904d9c0-7bc5-42d2-a4f2-52789bc4d321,MED-WB-FAC-000372,MED-WB-FAC-000345,RECEIVED,Severe Child Malnutrition (SAM) with Complications,MEDIUM,2026-08-14T10:00:00+00:00
4f5b2096-d60a-4672-a8f5-606d0d300a98,3f6ce03c-3ca7-44a7-9a0d-cfde459633d3,092c4932-c0fe-4081-8946-a19b66c2e780,MED-WB-FAC-000372,MED-WB-FAC-000345,ACCEPTED,Acute Respiratory Distress - Suspected Pneumonia,HIGH,2026-08-06T10:00:00+00:00
917d05dc-0299-40fe-b218-ab8dac726b6b,623da09c-dcff-496f-bd6f-bddde1f495ba,f599ebdb-fa67-4b5d-8d7c-ab14bd749f03,MED-WB-FAC-000372,MED-WB-FAC-000349,APPOINTMENT_QUEUED,Uncontrolled Hypertension & Diabetes - Cardiology Evaluation,MEDIUM,2026-08-24T10:00:00+00:00
b4e420b5-b418-4ce7-be6c-08a3b0553cd6,27cfd4e6-ffe8-4eb0-8915-856d96c7f247,5884703e-f76b-4a9b-b836-bd75425883ae,MED-WB-FAC-000372,MED-WB-FAC-000349,EMERGENCY_ESCALATED,Suspected Tuberculosis (TB) - Sputum Testing Required,CRITICAL,2026-08-22T10:00:00+00:00
6744736a-8460-4c4b-a027-e5d099ea7ade,c20a543c-f75c-498e-b5d2-1085d017de90,20aa088c-4ebc-4b5d-a92a-1c9a00f2cc96,MED-WB-FAC-000372,MED-WB-FAC-000349,CONSULTED,Emergency Obstetric Hemorrhage,CRITICAL,2026-08-25T10:00:00+00:00
8d2471a5-094e-49b0-bf4c-fedf01ca44e1,c3a73e41-13f3-4d47-b87a-42672c9f6299,20aa088c-4ebc-4b5d-a92a-1c9a00f2cc96,MED-WB-FAC-000372,MED-WB-FAC-000349,REFERRED_BACK,Severe Persistent Malarial Fever,MEDIUM,2026-08-02T10:00:00+00:00
5003fd32-da9d-4fd1-a495-a0b54a8aa7a8,1b35f4d0-c5f7-4e2d-91a2-1ed91ca9e821,1e7bf6e3-e438-4a39-944a-ef41223acc98,MED-WB-FAC-000372,MED-WB-FAC-000349,FOLLOW_UP_DUE,Acute Abdomen - Surgical Consultation Required,MEDIUM,2026-08-27T10:00:00+00:00
007e2a93-841e-4049-b181-11ac9a067de4,99701f63-d2b0-4304-b825-175752ba2337,1e7bf6e3-e438-4a39-944a-ef41223acc98,MED-WB-FAC-000372,MED-WB-FAC-000349,FOLLOW_UP_COMPLETED,High-Risk ANC (Third Trimester) - Severe Preeclampsia,HIGH,2026-08-11T10:00:00+00:00
e80c0d2a-09ac-4957-a8c7-1907acea5257,bb0f375a-7382-48cb-86a7-e9d76cc87d7a,af83553c-2c04-42ba-bc0c-fdd0438ad361,MED-WB-FAC-000372,MED-WB-FAC-000349,CLOSED,Severe Child Malnutrition (SAM) with Complications,MEDIUM,2026-08-20T10:00:00+00:00
d443ffd0-099c-4c80-8ee5-a32eda1b5e60,501f4c26-7f0a-4a9d-8c05-0d694f17049e,af83553c-2c04-42ba-bc0c-fdd0438ad361,MED-WB-FAC-000372,MED-WB-FAC-000349,PATIENT_NO_SHOW,Acute Respiratory Distress - Suspected Pneumonia,MEDIUM,2026-08-19T10:00:00+00:00
81aa9735-9c70-4706-8cc7-c8c5f51f93d5,0681e647-b470-4864-971e-695ece40e5dd,b4f71637-eb48-4187-a52e-41fdbf16dcc5,MED-WB-FAC-000372,MED-WB-FAC-000345,SENT,Uncontrolled Hypertension & Diabetes - Cardiology Evaluation,HIGH,2026-08-28T10:00:00+00:00
98c09d9b-29d9-450a-be18-1abe4d480412,f0216699-18ab-4e39-916a-60c2e102b9d2,b4f71637-eb48-4187-a52e-41fdbf16dcc5,MED-WB-FAC-000372,MED-WB-FAC-000345,RECEIVED,Suspected Tuberculosis (TB) - Sputum Testing Required,MEDIUM,2026-08-10T10:00:00+00:00
56c8ec7c-c0a8-4894-a66b-43dbf1f014cd,eb991121-73c8-42f0-9bf3-d41cd76f920d,a8f79c08-0946-413d-9d12-643ca87aa7e2,MED-WB-FAC-000372,MED-WB-FAC-000345,ACCEPTED,Emergency Obstetric Hemorrhage,MEDIUM,2026-08-06T10:00:00+00:00
14004a3b-047d-4813-aeba-271bcec0dd39,cc7c4a0b-580d-46ac-bf13-b052807cde12,2de92353-247c-48b5-9040-34c738f82aca,MED-WB-FAC-000372,MED-WB-FAC-000349,APPOINTMENT_QUEUED,Severe Persistent Malarial Fever,HIGH,2026-08-11T10:00:00+00:00
c09765a9-036c-4324-9e18-de4ced0c58c3,aa9a7bec-ffa0-48e4-bd99-61e03aa5e294,8c728a2d-3e50-4df2-b3b9-9f17d575d9b2,MED-WB-FAC-000372,MED-WB-FAC-000349,EMERGENCY_ESCALATED,Acute Abdomen - Surgical Consultation Required,CRITICAL,2026-08-01T10:00:00+00:00
7279b399-2dde-4e6b-8453-14196f515eae,32a43734-6d72-4da3-87b6-7e860d11c79c,8d7f6ce9-ae47-41cf-8b96-3bcb9d3f895e,MED-WB-FAC-000372,MED-WB-FAC-000349,CONSULTED,High-Risk ANC (Third Trimester) - Severe Preeclampsia,CRITICAL,2026-08-12T10:00:00+00:00
32c4ad86-88ef-49cd-ae3a-38e85dda1f51,6328017a-365d-4fc1-b915-dc7928f2d9cf,ae1aff47-38d1-4389-94bf-72c501e039f9,MED-WB-FAC-000372,MED-WB-FAC-000349,REFERRED_BACK,Severe Child Malnutrition (SAM) with Complications,HIGH,2026-08-16T10:00:00+00:00
3dab1fae-197f-4587-8064-a2ce83e15043,d9953c05-b912-4d7a-8288-017a43fd281e,9ceb99d0-5598-4592-adda-59574c5e2088,MED-WB-FAC-000372,MED-WB-FAC-000349,FOLLOW_UP_DUE,Acute Respiratory Distress - Suspected Pneumonia,MEDIUM,2026-08-04T10:00:00+00:00
e50bf4c0-d0c9-43c2-9c43-d7a9552174b5,ec9692a2-bcb0-4389-9eda-250b200fe1ed,4bef40c0-d88c-4454-89d6-06d4bcc42fc0,MED-WB-FAC-000372,MED-WB-FAC-000349,FOLLOW_UP_COMPLETED,Uncontrolled Hypertension & Diabetes - Cardiology Evaluation,MEDIUM,2026-08-03T10:00:00+00:00
0b4aeb22-a078-4a4b-b91a-f0c44eb7b7f6,1dd52205-23d5-4f23-81f8-e6827e504449,235cade3-8b4a-4f78-9806-1fb6274f8aa4,MED-WB-FAC-000372,MED-WB-FAC-000349,CLOSED,Suspected Tuberculosis (TB) - Sputum Testing Required,HIGH,2026-08-16T10:00:00+00:00
334df7cd-ff66-4e88-a0e8-60a702500490,07e2f60d-2341-4967-a559-04fe5efef11c,290c95a0-c953-4dfd-9ccc-c0000e0b7063,MED-WB-FAC-000372,MED-WB-FAC-000349,PATIENT_NO_SHOW,Emergency Obstetric Hemorrhage,MEDIUM,2026-08-09T10:00:00+00:00
76e958bb-645d-4f71-88a0-c7da9c5edede,3698a9a5-9c02-49f3-bcb8-7b2e380bd1e0,27a20c5a-91df-4cbf-bb07-b12cca9816ac,MED-WB-FAC-000372,MED-WB-FAC-000345,SENT,Severe Persistent Malarial Fever,MEDIUM,2026-08-24T10:00:00+00:00
6cfa77c2-1b30-43f7-8808-a79ccf144b79,e7126711-174b-4eec-8a9b-bf42fc55a987,b3372bfd-3fe5-42ff-9c74-1d58911cd7c8,MED-WB-FAC-000372,MED-WB-FAC-000345,RECEIVED,Acute Abdomen - Surgical Consultation Required,HIGH,2026-08-27T10:00:00+00:00
af17d915-9f86-4a73-8678-fd7e85e7559f,1709bdfe-e688-40dd-8762-d3f9be3c6938,b580c7f5-ac7a-4a9b-b64a-22c1b903233d,MED-WB-FAC-000372,MED-WB-FAC-000345,ACCEPTED,High-Risk ANC (Third Trimester) - Severe Preeclampsia,MEDIUM,2026-08-14T10:00:00+00:00
cd702743-6ed3-45e1-a37d-2d1fab5f461b,9565f5fd-b926-455b-8104-dad3d0699bd0,f35c3eb5-53c3-4dad-a855-8623faa495ec,MED-WB-FAC-000372,MED-WB-FAC-000349,APPOINTMENT_QUEUED,Severe Child Malnutrition (SAM) with Complications,MEDIUM,2026-08-22T10:00:00+00:00
6c1ae941-fd90-4ce7-9e6c-896be69dba39,b3d79874-3276-4768-9447-0492cf701713,984cc68b-c960-45e8-87be-6b9dc143f7f3,MED-WB-FAC-000372,MED-WB-FAC-000349,EMERGENCY_ESCALATED,Acute Respiratory Distress - Suspected Pneumonia,CRITICAL,2026-08-31T10:00:00+00:00
35d3810f-6cb9-446a-ac14-c27e5ea656fe,4ffcd525-1466-4fcb-8976-224170dfba83,b248f041-b906-4030-bbe8-5bfca07f2870,MED-WB-FAC-000372,MED-WB-FAC-000349,CONSULTED,Uncontrolled Hypertension & Diabetes - Cardiology Evaluation,CRITICAL,2026-08-19T10:00:00+00:00
674383ac-8fa9-4c81-8441-204ad471a7d7,799edddc-c902-4f48-817b-1cfafb0f695d,fd7aed08-6826-4615-a1d4-f1161d1e18d8,MED-WB-FAC-000372,MED-WB-FAC-000349,REFERRED_BACK,Suspected Tuberculosis (TB) - Sputum Testing Required,MEDIUM,2026-08-28T10:00:00+00:00
8206e7d8-488e-408e-b789-21b1c43a579a,252bcec5-b899-43e6-a1b8-89f841ddf1d6,8830d073-124d-4d9f-ad15-6f36a82cad52,MED-WB-FAC-000372,MED-WB-FAC-000349,FOLLOW_UP_DUE,Emergency Obstetric Hemorrhage,HIGH,2026-08-12T10:00:00+00:00
c2fe2aa9-b256-4b3b-a574-d19b2bd60f7e,60d3caec-615e-4f36-8999-d4834b35b203,58ef8297-cadb-44b3-ab23-23a028306e2d,MED-WB-FAC-000372,MED-WB-FAC-000349,FOLLOW_UP_COMPLETED,Severe Persistent Malarial Fever,MEDIUM,2026-08-04T10:00:00+00:00
4dfd9569-4178-4976-ae76-d5b62b08716b,f594a82b-03c1-4f9e-bfbe-6b93fa4df985,56143012-ec84-4aef-8a4e-3929db202949,MED-WB-FAC-000372,MED-WB-FAC-000349,CLOSED,Acute Abdomen - Surgical Consultation Required,MEDIUM,2026-08-07T10:00:00+00:00
