care_episode_id,patient_id,status,started_at,ended_at
8d790639-b682-47fb-9989-91b0ec33d8f8,1190024c-ebc1-4d79-a552-85df639a0946,CLOSED,2026-05-14T05:12:00+00:00,2026-05-18T05:12:00+00:00
7add1968-cdd9-421f-8259-ea8a1da7ac1f,1190024c-ebc1-4d79-a552-85df639a0946,CLOSED,2026-05-15T00:24:00+00:00,2026-05-20T00:24:00+00:00
1218cb80-6f34-4c71-bc59-1c01c522820c,1190024c-ebc1-4d79-a552-85df639a0946,ACTIVE,2026-05-15T19:36:00+00:00,
4cbdf4a5-d175-46a0-b6c6-00ce1b4656fb,6c1a6b58-47e8-4431-9e9a-33eff2925f45,CLOSED,2026-05-16T14:48:00+00:00,2026-05-23T14:48:00+00:00
6ccb934b-9364-411f-add9-bf7aa826be7b,6c1a6b58-47e8-4431-9e9a-33eff2925f45,CLOSED,2026-05-17T10:00:00+00:00,2026-05-20T10:00:00+00:00
591761c9-23a8-4150-bd3a-89f219114ad5,fca43491-689a-46cc-b509-09b179d039d2,CLOSED,2026-05-18T05:12:00+00:00,2026-05-20T05:12:00+00:00
e8dfc37d-6b49-47be-9a62-eb0e8b04616f,fca43491-689a-46cc-b509-09b179d039d2,ACTIVE,2026-05-19T00:24:00+00:00,
344da0d3-03ff-4af9-bd36-6da94b515bf0,e8442467-e3c8-479a-96f1-d2ddc6e3c0a0,CLOSED,2026-05-19T19:36:00+00:00,2026-05-26T19:36:00+00:00
0328f00b-6601-466f-ad07-4d40dcd774fc,e8442467-e3c8-479a-96f1-d2ddc6e3c0a0,ACTIVE,2026-05-20T14:48:00+00:00,
4b34b240-be13-4bbd-a7da-b222d838acf3,f6b7ae26-b513-4f2a-bd43-f96a65c2777f,CLOSED,2026-05-21T10:00:00+00:00,2026-05-27T10:00:00+00:00
2803f705-72e7-48cc-b8f4-1988ef09edad,f6b7ae26-b513-4f2a-bd43-f96a65c2777f,ACTIVE,2026-05-22T05:12:00+00:00,
824b44c8-d5db-4a3e-b544-738e943ad518,01b97395-d79b-43f9-9c98-0feb76b0bee7,CLOSED,2026-05-23T00:24:00+00:00,2026-05-28T00:24:00+00:00
0aa24492-dba0-432e-806b-08d34bfded33,01b97395-d79b-43f9-9c98-0feb76b0bee7,ACTIVE,2026-05-23T19:36:00+00:00,
dbda0005-b408-4162-a100-d44a3ee9aadd,92bdd923-6941-4721-a3bd-6fad4760b882,CLOSED,2026-05-24T14:48:00+00:00,2026-05-31T14:48:00+00:00
6e788aca-cfb2-40ca-a942-9d1cbcb767b1,92bdd923-6941-4721-a3bd-6fad4760b882,CLOSED,2026-05-25T10:00:00+00:00,2026-05-29T10:00:00+00:00
c781b9f7-49a8-443e-9a65-23f97beaf793,34d5f22f-226b-4ef3-b795-4db48c66b352,CLOSED,2026-05-26T05:12:00+00:00,2026-06-01T05:12:00+00:00
7e98d957-6392-4d2d-9b67-190a5114570d,34d5f22f-226b-4ef3-b795-4db48c66b352,ACTIVE,2026-05-27T00:24:00+00:00,
4da4dddf-a207-49cd-8dcc-4336a022adfe,7904d9c0-7bc5-42d2-a4f2-52789bc4d321,CLOSED,2026-05-27T19:36:00+00:00,2026-06-02T19:36:00+00:00
102428ce-9756-44d0-9266-d6b252f71cb1,7904d9c0-7bc5-42d2-a4f2-52789bc4d321,ACTIVE,2026-05-28T14:48:00+00:00,
3f6ce03c-3ca7-44a7-9a0d-cfde459633d3,092c4932-c0fe-4081-8946-a19b66c2e780,CLOSED,2026-05-29T10:00:00+00:00,2026-06-04T10:00:00+00:00
d76b82f1-73a5-4201-8114-d35fb233f5ab,092c4932-c0fe-4081-8946-a19b66c2e780,ACTIVE,2026-05-30T05:12:00+00:00,
623da09c-dcff-496f-bd6f-bddde1f495ba,f599ebdb-fa67-4b5d-8d7c-ab14bd749f03,CLOSED,2026-05-31T00:24:00+00:00,2026-06-05T00:24:00+00:00
8785a18d-668e-4b83-96ad-abb1515f5cb0,f599ebdb-fa67-4b5d-8d7c-ab14bd749f03,ACTIVE,2026-05-31T19:36:00+00:00,
27cfd4e6-ffe8-4eb0-8915-856d96c7f247,5884703e-f76b-4a9b-b836-bd75425883ae,CLOSED,2026-06-01T14:48:00+00:00,2026-06-04T14:48:00+00:00
ded10478-5fab-412a-a0c7-030cf9eafb0d,5884703e-f76b-4a9b-b836-bd75425883ae,ACTIVE,2026-06-02T10:00:00+00:00,
c20a543c-f75c-498e-b5d2-1085d017de90,20aa088c-4ebc-4b5d-a92a-1c9a00f2cc96,CLOSED,2026-06-03T05:12:00+00:00,2026-06-06T05:12:00+00:00
c3a73e41-13f3-4d47-b87a-42672c9f6299,20aa088c-4ebc-4b5d-a92a-1c9a00f2cc96,CLOSED,2026-06-04T00:24:00+00:00,2026-06-10T00:24:00+00:00
1b35f4d0-c5f7-4e2d-91a2-1ed91ca9e821,1e7bf6e3-e438-4a39-944a-ef41223acc98,CLOSED,2026-06-04T19:36:00+00:00,2026-06-09T19:36:00+00:00
99701f63-d2b0-4304-b825-175752ba2337,1e7bf6e3-e438-4a39-944a-ef41223acc98,CLOSED,2026-06-05T14:48:00+00:00,2026-06-07T14:48:00+00:00
bb0f375a-7382-48cb-86a7-e9d76cc87d7a,af83553c-2c04-42ba-bc0c-fdd0438ad361,CLOSED,2026-06-06T10:00:00+00:00,2026-06-11T10:00:00+00:00
501f4c26-7f0a-4a9d-8c05-0d694f17049e,af83553c-2c04-42ba-bc0c-fdd0438ad361,CLOSED,2026-06-07T05:12:00+00:00,2026-06-13T05:12:00+00:00
0681e647-b470-4864-971e-695ece40e5dd,b4f71637-eb48-4187-a52e-41fdbf16dcc5,CLOSED,2026-06-08T00:24:00+00:00,2026-06-12T00:24:00+00:00
f0216699-18ab-4e39-916a-60c2e102b9d2,b4f71637-eb48-4187-a52e-41fdbf16dcc5,CLOSED,2026-06-08T19:36:00+00:00,2026-06-14T19:36:00+00:00
eb991121-73c8-42f0-9bf3-d41cd76f920d,a8f79c08-0946-413d-9d12-643ca87aa7e2,CLOSED,2026-06-09T14:48:00+00:00,2026-06-14T14:48:00+00:00
f0c78184-9b6c-4738-af35-7272a9e5e315,a8f79c08-0946-413d-9d12-643ca87aa7e2,ACTIVE,2026-06-10T10:00:00+00:00,
cc7c4a0b-580d-46ac-bf13-b052807cde12,2de92353-247c-48b5-9040-34c738f82aca,CLOSED,2026-06-11T05:12:00+00:00,2026-06-17T05:12:00+00:00
c3e8b323-bfdf-49a0-b431-da51e895dab4,2de92353-247c-48b5-9040-34c738f82aca,ACTIVE,2026-06-12T00:24:00+00:00,
aa9a7bec-ffa0-48e4-bd99-61e03aa5e294,8c728a2d-3e50-4df2-b3b9-9f17d575d9b2,CLOSED,2026-06-12T19:36:00+00:00,2026-06-18T19:36:00+00:00
fbe4538e-0291-4789-81a9-afc14113d41f,8c728a2d-3e50-4df2-b3b9-9f17d575d9b2,ACTIVE,2026-06-13T14:48:00+00:00,
32a43734-6d72-4da3-87b6-7e860d11c79c,8d7f6ce9-ae47-41cf-8b96-3bcb9d3f895e,CLOSED,2026-06-14T10:00:00+00:00,2026-06-16T10:00:00+00:00
bceac444-200a-4ba3-9414-e5564ee9cc5f,8d7f6ce9-ae47-41cf-8b96-3bcb9d3f895e,ACTIVE,2026-06-15T05:12:00+00:00,
6328017a-365d-4fc1-b915-dc7928f2d9cf,ae1aff47-38d1-4389-94bf-72c501e039f9,CLOSED,2026-06-16T00:24:00+00:00,2026-06-21T00:24:00+00:00
7dfd762e-1f48-43b9-bfcc-e9d086368515,ae1aff47-38d1-4389-94bf-72c501e039f9,ACTIVE,2026-06-16T19:36:00+00:00,
d9953c05-b912-4d7a-8288-017a43fd281e,9ceb99d0-5598-4592-adda-59574c5e2088,CLOSED,2026-06-17T14:48:00+00:00,2026-06-19T14:48:00+00:00
e76a05ad-3b40-40e3-970d-93d7f348ced3,9ceb99d0-5598-4592-adda-59574c5e2088,ACTIVE,2026-06-18T10:00:00+00:00,
ec9692a2-bcb0-4389-9eda-250b200fe1ed,4bef40c0-d88c-4454-89d6-06d4bcc42fc0,CLOSED,2026-06-19T05:12:00+00:00,2026-06-23T05:12:00+00:00
b92f1b18-90a3-4f53-a73d-f258ae4b6d66,4bef40c0-d88c-4454-89d6-06d4bcc42fc0,ACTIVE,2026-06-20T00:24:00+00:00,
1dd52205-23d5-4f23-81f8-e6827e504449,235cade3-8b4a-4f78-9806-1fb6274f8aa4,CLOSED,2026-06-20T19:36:00+00:00,2026-06-27T19:36:00+00:00
5e8f6560-efac-45cf-981b-28907aa390ab,235cade3-8b4a-4f78-9806-1fb6274f8aa4,ACTIVE,2026-06-21T14:48:00+00:00,
07e2f60d-2341-4967-a559-04fe5efef11c,290c95a0-c953-4dfd-9ccc-c0000e0b7063,CLOSED,2026-06-22T10:00:00+00:00,2026-06-28T10:00:00+00:00
9d5fbcea-aa9a-4c52-bdc4-02ad1f3d3720,290c95a0-c953-4dfd-9ccc-c0000e0b7063,ACTIVE,2026-06-23T05:12:00+00:00,
3698a9a5-9c02-49f3-bcb8-7b2e380bd1e0,27a20c5a-91df-4cbf-bb07-b12cca9816ac,CLOSED,2026-06-24T00:24:00+00:00,2026-06-29T00:24:00+00:00
a535f2ac-1aa5-48d1-9d00-7bc79bc06aa6,27a20c5a-91df-4cbf-bb07-b12cca9816ac,ACTIVE,2026-06-24T19:36:00+00:00,
e7126711-174b-4eec-8a9b-bf42fc55a987,b3372bfd-3fe5-42ff-9c74-1d58911cd7c8,CLOSED,2026-06-25T14:48:00+00:00,2026-06-30T14:48:00+00:00
5e7ec54c-237e-470d-bb12-d1353551c8eb,b3372bfd-3fe5-42ff-9c74-1d58911cd7c8,ACTIVE,2026-06-26T10:00:00+00:00,
1709bdfe-e688-40dd-8762-d3f9be3c6938,b580c7f5-ac7a-4a9b-b64a-22c1b903233d,CLOSED,2026-06-27T05:12:00+00:00,2026-06-29T05:12:00+00:00
a4e7048c-926d-4a0f-999d-8c116fbbb572,b580c7f5-ac7a-4a9b-b64a-22c1b903233d,ACTIVE,2026-06-28T00:24:00+00:00,
9565f5fd-b926-455b-8104-dad3d0699bd0,f35c3eb5-53c3-4dad-a855-8623faa495ec,CLOSED,2026-06-28T19:36:00+00:00,2026-06-30T19:36:00+00:00
26975f50-a69c-4a27-b2cb-61d70b1bfce6,f35c3eb5-53c3-4dad-a855-8623faa495ec,ACTIVE,2026-06-29T14:48:00+00:00,
b3d79874-3276-4768-9447-0492cf701713,984cc68b-c960-45e8-87be-6b9dc143f7f3,CLOSED,2026-06-30T10:00:00+00:00,2026-07-06T10:00:00+00:00
c8374ca5-82d5-421a-94a4-b8a1533a8028,984cc68b-c960-45e8-87be-6b9dc143f7f3,ACTIVE,2026-07-01T05:12:00+00:00,
4ffcd525-1466-4fcb-8976-224170dfba83,b248f041-b906-4030-bbe8-5bfca07f2870,CLOSED,2026-07-02T00:24:00+00:00,2026-07-04T00:24:00+00:00
50431e3f-df10-4fbf-aaef-8ddc7dd01f9d,44be6607-b37a-4360-9703-81534413df12,ACTIVE,2026-07-02T19:36:00+00:00,
550e217f-0eee-4d20-aafb-2bdefb483bba,14f0b50c-0c04-4b8a-b3bf-7b8fa2a74352,ACTIVE,2026-07-03T14:48:00+00:00,
7fc5c74f-e687-4db0-85ba-de9ca4425aaa,2f02ea99-cfdf-4479-a9b1-08c2ee513403,ACTIVE,2026-07-04T10:00:00+00:00,
f7146966-cde4-4637-afa8-7458c23f0631,386f5c97-0f2c-41d5-88f4-e6eaab0d46c7,ACTIVE,2026-07-05T05:12:00+00:00,
baeb146d-0c1c-4f89-8698-5190deea6e08,f4e93599-65f1-4e97-bae7-b6851ed541ab,ACTIVE,2026-07-06T00:24:00+00:00,
79adfbb4-27f3-4a1f-a466-6b0e345c08dd,a583e9fa-44ab-4a8b-85c3-c8a4d355f707,ACTIVE,2026-07-06T19:36:00+00:00,
e26f7cd1-e03a-4bb2-873b-d0c3d1e6efd5,59e3e6f5-1972-44dc-883a-ebceb9bdec22,ACTIVE,2026-07-07T14:48:00+00:00,
373a8ae7-2ed7-4bee-82ac-0edfed2da9eb,33d1008d-9274-4ae7-b5e6-5c98865808d0,ACTIVE,2026-07-08T10:00:00+00:00,
2473e690-57ce-4e4a-b3af-354477429eb7,80beef33-31c0-4027-b4d0-56acbf966f68,ACTIVE,2026-07-09T05:12:00+00:00,
36d7da84-4288-4219-ae88-98b519c96357,e01e43d0-20c5-4bd5-bb21-1e08cceed3f8,ACTIVE,2026-07-10T00:24:00+00:00,
fdf593f8-312d-496f-918c-3c68a24858dd,6a05d02d-a2b1-480a-b7db-6c30028e2d30,ACTIVE,2026-07-10T19:36:00+00:00,
799edddc-c902-4f48-817b-1cfafb0f695d,fd7aed08-6826-4615-a1d4-f1161d1e18d8,CLOSED,2026-07-11T14:48:00+00:00,2026-07-16T14:48:00+00:00
cf3cc8d5-68a1-4efb-a216-c2ac0b21a259,ae197ac3-7a3e-4817-8c11-080f944e77e1,ACTIVE,2026-07-12T10:00:00+00:00,
9ac496c6-d53a-4823-ba99-593bc506e1df,d1879340-ba1a-4408-bdd4-d0fee829888f,ACTIVE,2026-07-13T05:12:00+00:00,
aa058e01-5cb9-470d-8295-69ab3a9f9527,d099f919-f036-4209-86f4-272646ddd7f0,ACTIVE,2026-07-14T00:24:00+00:00,
74bc2c87-9024-4c35-8a33-953de37ad18d,a2af1bd6-b56e-470c-94ea-6b7bc9e1b714,ACTIVE,2026-07-14T19:36:00+00:00,
252bcec5-b899-43e6-a1b8-89f841ddf1d6,8830d073-124d-4d9f-ad15-6f36a82cad52,CLOSED,2026-07-15T14:48:00+00:00,2026-07-22T14:48:00+00:00
60d3caec-615e-4f36-8999-d4834b35b203,58ef8297-cadb-44b3-ab23-23a028306e2d,CLOSED,2026-07-16T10:00:00+00:00,2026-07-22T10:00:00+00:00
f594a82b-03c1-4f9e-bfbe-6b93fa4df985,56143012-ec84-4aef-8a4e-3929db202949,CLOSED,2026-07-17T05:12:00+00:00,2026-07-19T05:12:00+00:00
3be94628-ed98-480e-9138-727c3baa8b5f,451d2ae1-7dbc-49bf-ab29-d2c5f6b7b2dc,ACTIVE,2026-07-18T00:24:00+00:00,
6711d189-aae2-45da-98ba-f333d850ea3e,50d90621-95aa-47ba-9d15-6c68194b7fdc,ACTIVE,2026-07-18T19:36:00+00:00,
9b41fb12-75b7-45c8-bb31-3fb08b651d0e,3d274ab5-b0c1-4964-9133-75e62aec2b5c,ACTIVE,2026-07-19T14:48:00+00:00,
ef07032e-2fe6-42cc-ad23-cd7663842203,295ef57f-b72e-4705-94f7-db00f4364ccd,ACTIVE,2026-07-20T10:00:00+00:00,
1ba45556-2a76-4ece-988f-18b3f7fea257,f92687f9-809d-4704-9e94-1c04ec529f75,ACTIVE,2026-07-21T05:12:00+00:00,
f7fad433-6ed6-4bd2-a112-ddd4a6b2d810,6ddeeacc-715a-46e6-92f4-3c9237ccaa0d,ACTIVE,2026-07-22T00:24:00+00:00,
000a0514-b3fe-4681-88bf-950a4de45dc9,33b09e26-cb4f-44c9-bf7f-f914b2029805,ACTIVE,2026-07-22T19:36:00+00:00,
467c4b49-e377-4e14-a279-0b69062b8850,509fd87e-e4bc-45ac-887f-29adc3327aac,CLOSED,2026-07-23T14:48:00+00:00,2026-07-25T14:48:00+00:00
4c6a7056-401d-4550-a48b-951ae9457d41,fc9d8396-e5ba-4c32-9e47-b74ccabdeac0,ACTIVE,2026-07-24T10:00:00+00:00,
2122e790-4d7e-4266-a010-f0f1531a83aa,8681b834-18fb-4700-a4bc-faab6322535d,CLOSED,2026-07-25T05:12:00+00:00,2026-07-31T05:12:00+00:00
bc12987c-1358-4057-b20d-162d6870ccf1,77e14b3b-2e5f-4897-819b-028734330cfa,ACTIVE,2026-07-26T00:24:00+00:00,
b211f894-4ad3-45c6-aae0-c83775173856,a136f287-97ea-4bc6-a3b8-346a5b3e686c,ACTIVE,2026-07-26T19:36:00+00:00,
535a3756-2396-40a9-9c83-51272ac30870,206df1d4-5490-4f26-ad20-1faa75a0a837,ACTIVE,2026-07-27T14:48:00+00:00,
ae74622f-1bb2-4851-ba10-d8de15b5714a,c91ac8db-8d01-4324-b295-a7ea09925bf3,ACTIVE,2026-07-28T10:00:00+00:00,
485ec0e9-a744-4d9d-8b74-c2ad893115af,595d64a3-0606-4360-9dd8-8e3f2868eb23,ACTIVE,2026-07-29T05:12:00+00:00,
8bd3d676-7129-4ad7-a047-dedf099d6db7,c813d152-e444-4d6a-b3f5-200075bb3e22,ACTIVE,2026-07-30T00:24:00+00:00,
9bcb401c-9a36-4e27-92df-d554ce93a969,b806aa25-41cb-40db-b439-e944250bb95d,ACTIVE,2026-07-30T19:36:00+00:00,
93ab6cc7-8ed5-4702-b339-7acf07fe50e7,99f9e3d6-ddd7-4901-99e2-931b8896d7eb,ACTIVE,2026-07-31T14:48:00+00:00,
98d723ce-1596-4673-b2e0-1c8abe7d1ce2,05dce92a-f1b9-4d96-a5a0-373eb4a462b0,ACTIVE,2026-08-01T10:00:00+00:00,
2e482a79-8e17-428f-a056-d3f438a2d995,883772a5-b087-47e7-a635-5923a71fbf84,ACTIVE,2026-08-02T05:12:00+00:00,
41a33998-ce75-477f-bfe8-5ffb98212e40,56d4b8bf-5d01-4669-8f6f-667fb00c9584,CLOSED,2026-08-03T00:24:00+00:00,2026-08-10T00:24:00+00:00
da420e47-a567-4f2c-9e37-3fe1010d5db2,1b5e4d7d-d4b7-4b65-bef4-3493a0c80566,ACTIVE,2026-08-03T19:36:00+00:00,
fc9a644a-74bc-4017-8dfc-6ac870e5afda,f7d3d4c8-e3f8-41af-9b7e-dfb128696aa6,CLOSED,2026-08-04T14:48:00+00:00,2026-08-08T14:48:00+00:00
d50131e1-9d60-4647-afec-84907f342d03,33f168b0-be00-48ec-8871-494c857e52b4,CLOSED,2026-08-05T10:00:00+00:00,2026-08-09T10:00:00+00:00
07afc887-18ec-435c-a04a-2ca6cc68fbf2,61ed58b8-83d1-4d3c-b67a-648f7c0c41a7,ACTIVE,2026-08-06T05:12:00+00:00,
65753fe4-1c8a-4943-8f8a-58f3956835b0,171ce6c4-27d6-49f6-ba30-3b24cbe67ad8,CLOSED,2026-08-07T00:24:00+00:00,2026-08-12T00:24:00+00:00
22782ed1-3172-46f9-a4e4-a688b6525379,4b43a0a2-d47f-40d6-b452-6434961ad8c8,CLOSED,2026-08-07T19:36:00+00:00,2026-08-13T19:36:00+00:00
0e2dc28d-d9aa-4b0c-88be-eee13d272b17,c6a3fd20-ea5d-4cc7-a12b-33cc8981a7f4,ACTIVE,2026-08-08T14:48:00+00:00,
1debb91c-139a-42e0-b2ab-032285554d84,d153230d-2229-4cf1-b7b2-5cbf40950656,ACTIVE,2026-08-09T10:00:00+00:00,
909fb28e-85ca-424e-b110-3b22bdad6359,c5913899-6a51-4466-9aee-f8c7e5ce0427,ACTIVE,2026-08-10T05:12:00+00:00,
3ea1c744-0735-4fa3-8609-98b5106df6c6,f1128653-5185-4cb9-b601-76df560a05a6,ACTIVE,2026-08-11T00:24:00+00:00,
fe18c841-1da9-4f7d-9423-c44fffd3f3af,a67f55af-6839-442b-8a83-e906b3bff513,ACTIVE,2026-08-11T19:36:00+00:00,
9595c3ee-57e6-4363-a2d5-6bb0d752f463,7dd6547e-cd88-49c6-9d66-46130da337ac,ACTIVE,2026-08-12T14:48:00+00:00,
4cc0e935-e8a6-41d0-bd7a-31baa97f0e6d,c7009849-78ea-40d5-a217-410472433153,ACTIVE,2026-08-13T10:00:00+00:00,
f032e65f-626b-401e-9556-7992f99e3e81,74ff7205-2317-481f-a83e-fcef06f7f2ef,CLOSED,2026-08-14T05:12:00+00:00,2026-08-16T05:12:00+00:00
53c68d54-0828-4b48-8180-c5da53b774e6,388b06a1-031f-427e-b21f-10a6f7b15acd,ACTIVE,2026-08-15T00:24:00+00:00,
01a63c66-b6d2-479f-9c5c-8648de6b997a,d728209e-9414-4b6e-8502-c59bc6e43729,ACTIVE,2026-08-15T19:36:00+00:00,
4188ab05-1e37-4f57-a6f6-3deb44b576c8,97885943-8706-4374-8e49-1e0186500804,ACTIVE,2026-08-16T14:48:00+00:00,
2cfe3049-c496-4877-93ec-29296de2f056,ac2fb20f-6ca0-4d6a-a1d6-41d40d02d7e9,CLOSED,2026-08-17T10:00:00+00:00,2026-08-22T10:00:00+00:00
5335e2b7-0dac-4bb1-92fb-b60485d03ae6,45f25399-3cc1-4d9a-b1f5-939b7b4ebcd1,ACTIVE,2026-08-18T05:12:00+00:00,
81b6149d-925f-4597-ab3d-bea75eb646bc,20f125ed-8e9b-4a1c-b282-40b50c443ac6,ACTIVE,2026-08-19T00:24:00+00:00,
e01864da-b1d5-47f7-9c76-40ebd09579a2,fa7b3d3d-5fd3-4b4a-801c-32e37b36203b,ACTIVE,2026-08-19T19:36:00+00:00,
b7fe44dd-c0e0-4e90-9d99-f1b628aec30f,4ec3b053-4c25-4ff4-80ca-f725c6b06967,CLOSED,2026-08-20T14:48:00+00:00,2026-08-22T14:48:00+00:00
cb33c3bb-ad38-428f-a93c-50d6188ae93a,81355ad0-7e6d-4be8-91a8-11ed6d0dcbc2,ACTIVE,2026-08-21T10:00:00+00:00,
4f2dfea8-a606-4459-b878-02b657c3ba6b,2d59d0ef-30b7-4ec5-a741-616e229ca862,ACTIVE,2026-08-22T05:12:00+00:00,
554ff80c-737c-4b6b-950f-c6acbf58f094,fcffe49b-6133-447e-b88a-eef2ed7e3065,ACTIVE,2026-08-23T00:24:00+00:00,
5b01a992-a060-47a7-bd22-067ad4ce0a03,c5b41a93-ff28-4e83-8f19-9e5a5bacded3,ACTIVE,2026-08-23T19:36:00+00:00,
34529802-7d53-4c5a-ae60-f18703071f40,164d8cf0-2d5d-4501-988c-91aaa95d7b5a,ACTIVE,2026-08-24T14:48:00+00:00,
733157fa-4839-4771-973c-7f1dfe12d8a1,560bda06-70e0-4672-9081-f616be40d482,ACTIVE,2026-08-25T10:00:00+00:00,
a4f9485c-6005-45bb-9728-b59e505062b9,84f11aa5-ddb4-4346-8a46-e36cc21e839f,CLOSED,2026-08-26T05:12:00+00:00,2026-09-01T05:12:00+00:00
