patient_id,full_name,age,sex,village_or_ward,phone
1190024c-ebc1-4d79-a552-85df639a0946,Sujit Bhowmick,18,male,Bishnupur Village,9832100001
6c1a6b58-47e8-4431-9e9a-33eff2925f45,Mousumi Nandi,60,female,Belur Village,9832100002
fca43491-689a-46cc-b509-09b179d039d2,Tarun Banerjee,70,male,Kakdwip Village,9832100003
e8442467-e3c8-479a-96f1-d2ddc6e3c0a0,Shampa Dutta,34,female,Canning Village,9832100004
f6b7ae26-b513-4f2a-bd43-f96a65c2777f,Subhash Bhowmick,66,male,Kotulpur Village,9832100005
01b97395-d79b-43f9-9c98-0feb76b0bee7,Priya Das,42,female,Diamond Harbour Village,9832100006
92bdd923-6941-4721-a3bd-6fad4760b882,Rajesh Bhowmick,59,male,Kakdwip Village,9832100007
34d5f22f-226b-4ef3-b795-4db48c66b352,Lakshmi Mondal,61,female,Canning Village,9832100008
7904d9c0-7bc5-42d2-a4f2-52789bc4d321,Manish Mondal,38,male,Barasat Village,9832100009
092c4932-c0fe-4081-8946-a19b66c2e780,Mousumi Roy,66,female,Diamond Harbour Village,9832100010
f599ebdb-fa67-4b5d-8d7c-ab14bd749f03,Rahul Pal,44,male,Joypur Village,9832100011
5884703e-f76b-4a9b-b836-bd75425883ae,Sanchita Banerjee,42,female,Barasat Village,9832100012
20aa088c-4ebc-4b5d-a92a-1c9a00f2cc96,Aniket Mukherjee,53,male,Rampur Village,9832100013
1e7bf6e3-e438-4a39-944a-ef41223acc98,Pooja Pal,29,female,Barasat Village,9832100014
af83553c-2c04-42ba-bc0c-fdd0438ad361,Subhash Roy,40,male,Barasat Village,9832100015
b4f71637-eb48-4187-a52e-41fdbf16dcc5,Sunita Mondal,60,female,Sonamukhi Village,9832100016
a8f79c08-0946-413d-9d12-643ca87aa7e2,Tarun Ghosh,53,male,Joypur Village,9832100017
2de92353-247c-48b5-9040-34c738f82aca,Jhuma Mondal,60,female,Canning Village,9832100018
8c728a2d-3e50-4df2-b3b9-9f17d575d9b2,Rahul Banerjee,61,male,Belur Village,9832100019
8d7f6ce9-ae47-41cf-8b96-3bcb9d3f895e,Sanchita Dutta,62,female,Barasat Village,9832100020
ae1aff47-38d1-4389-94bf-72c501e039f9,Debasish Chatterjee,48,male,Joypur Village,9832100021
9ceb99d0-5598-4592-adda-59574c5e2088,Lakshmi Mondal,39,female,Barasat Village,9832100022
4bef40c0-d88c-4454-89d6-06d4bcc42fc0,Pradip Chatterjee,38,male,Canning Village,9832100023
235cade3-8b4a-4f78-9806-1fb6274f8aa4,Priya Das,23,female,Diamond Harbour Village,9832100024
290c95a0-c953-4dfd-9ccc-c0000e0b7063,Pradip Chatterjee,29,male,Kakdwip Village,9832100025
27a20c5a-91df-4cbf-bb07-b12cca9816ac,Shampa Roy,55,female,Bishnupur Village,9832100026
b3372bfd-3fe5-42ff-9c74-1d58911cd7c8,Sujit Mahato,65,male,Canning Village,9832100027
b580c7f5-ac7a-4a9b-b64a-22c1b903233d,Priya Koley,41,female,Canning Village,9832100028
f35c3eb5-53c3-4dad-a855-8623faa495ec,Amit Mukherjee,63,male,Joypur Village,9832100029
984cc68b-c960-45e8-87be-6b9dc143f7f3,Bina Roy,64,female,Joypur Village,9832100030
b248f041-b906-4030-bbe8-5bfca07f2870,Amit Dutta,65,male,Kotulpur Village,9832100031
44be6607-b37a-4360-9703-81534413df12,Priya Roy,59,female,Kakdwip Village,9832100032
14f0b50c-0c04-4b8a-b3bf-7b8fa2a74352,Tarun Chatterjee,39,male,Canning Village,9832100033
2f02ea99-cfdf-4479-a9b1-08c2ee513403,Mamata Roy,66,female,Sonamukhi Village,9832100034
386f5c97-0f2c-41d5-88f4-e6eaab0d46c7,Debasish Saha,21,male,Barasat Village,9832100035
f4e93599-65f1-4e97-bae7-b6851ed541ab,Sutapa Chatterjee,62,female,Diamond Harbour Village,9832100036
a583e9fa-44ab-4a8b-85c3-c8a4d355f707,Tarun Mondal,22,male,Barasat Village,9832100037
59e3e6f5-1972-44dc-883a-ebceb9bdec22,Rekha Das,26,female,Kakdwip Village,9832100038
33d1008d-9274-4ae7-b5e6-5c98865808d0,Gautam Saha,18,male,Diamond Harbour Village,9832100039
80beef33-31c0-4027-b4d0-56acbf966f68,Sunita Dutta,38,female,Sonamukhi Village,9832100040
e01e43d0-20c5-4bd5-bb21-1e08cceed3f8,Rajesh Koley,36,male,Kotulpur Village,9832100041
6a05d02d-a2b1-480a-b7db-6c30028e2d30,Rekha Roy,52,female,Joypur Village,9832100042
fd7aed08-6826-4615-a1d4-f1161d1e18d8,Sanjay Mahato,25,male,Belur Village,9832100043
ae197ac3-7a3e-4817-8c11-080f944e77e1,Mousumi Ghosh,34,female,Joypur Village,9832100044
d1879340-ba1a-4408-bdd4-d0fee829888f,Tarun Pal,28,male,Kotulpur Village,9832100045
d099f919-f036-4209-86f4-272646ddd7f0,Mamata Saha,41,female,Rampur Village,9832100046
a2af1bd6-b56e-470c-94ea-6b7bc9e1b714,Tarun Das,52,male,Kotulpur Village,9832100047
8830d073-124d-4d9f-ad15-6f36a82cad52,Bina Pal,49,female,Bishnupur Village,9832100048
58ef8297-cadb-44b3-ab23-23a028306e2d,Gautam Das,40,male,Bishnupur Village,9832100049
56143012-ec84-4aef-8a4e-3929db202949,Rita Pal,53,female,Bishnupur Village,9832100050
451d2ae1-7dbc-49bf-ab29-d2c5f6b7b2dc,Aniket Koley,20,male,Canning Village,9832100051
50d90621-95aa-47ba-9d15-6c68194b7fdc,Jhuma Mahato,53,female,Diamond Harbour Village,9832100052
3d274ab5-b0c1-4964-9133-75e62aec2b5c,Rahul Dutta,21,male,Kakdwip Village,9832100053
295ef57f-b72e-4705-94f7-db00f4364ccd,Bina Das,26,female,Belur Village,9832100054
f92687f9-809d-4704-9e94-1c04ec529f75,Subhash Mondal,56,male,Kotulpur Village,9832100055
6ddeeacc-715a-46e6-92f4-3c9237ccaa0d,Kavita Mahato,56,female,Barasat Village,9832100056
33b09e26-cb4f-44c9-bf7f-f914b2029805,Pradip Roy,72,male,Belur Village,9832100057
509fd87e-e4bc-45ac-887f-29adc3327aac,Priya Nandi,61,female,Bishnupur Village,9832100058
fc9d8396-e5ba-4c32-9e47-b74ccabdeac0,Debasish Banerjee,53,male,Canning Village,9832100059
8681b834-18fb-4700-a4bc-faab6322535d,Bina Das,65,female,Kotulpur Village,9832100060
77e14b3b-2e5f-4897-819b-028734330cfa,Manish Koley,70,male,Barasat Village,9832100061
a136f287-97ea-4bc6-a3b8-346a5b3e686c,Sunita Bhowmick,66,female,Kotulpur Village,9832100062
206df1d4-5490-4f26-ad20-1faa75a0a837,Gautam Sarkar,42,male,Diamond Harbour Village,9832100063
c91ac8db-8d01-4324-b295-a7ea09925bf3,Mamata Saha,36,female,Diamond Harbour Village,9832100064
595d64a3-0606-4360-9dd8-8e3f2868eb23,Subhash Sarkar,64,male,Kakdwip Village,9832100065
c813d152-e444-4d6a-b3f5-200075bb3e22,Shampa Chatterjee,65,female,Kakdwip Village,9832100066
b806aa25-41cb-40db-b439-e944250bb95d,Sujit Chatterjee,30,male,Bishnupur Village,9832100067
99f9e3d6-ddd7-4901-99e2-931b8896d7eb,Mousumi Roy,72,female,Kotulpur Village,9832100068
05dce92a-f1b9-4d96-a5a0-373eb4a462b0,Manish Pal,62,male,Kotulpur Village,9832100069
883772a5-b087-47e7-a635-5923a71fbf84,Rita Dutta,34,female,Kakdwip Village,9832100070
56d4b8bf-5d01-4669-8f6f-667fb00c9584,Rahul Roy,49,male,Belur Village,9832100071
1b5e4d7d-d4b7-4b65-bef4-3493a0c80566,Kavita Dutta,18,female,Barasat Village,9832100072
f7d3d4c8-e3f8-41af-9b7e-dfb128696aa6,Tarun Das,50,male,Kakdwip Village,9832100073
33f168b0-be00-48ec-8871-494c857e52b4,Jhuma Mahato,31,female,Joypur Village,9832100074
61ed58b8-83d1-4d3c-b67a-648f7c0c41a7,Subhash Ghosh,47,male,Barasat Village,9832100075
171ce6c4-27d6-49f6-ba30-3b24cbe67ad8,Shampa Saha,20,female,Canning Village,9832100076
4b43a0a2-d47f-40d6-b452-6434961ad8c8,Sanjay Das,29,male,Rampur Village,9832100077
c6a3fd20-ea5d-4cc7-a12b-33cc8981a7f4,Mamata Mahato,29,female,Barasat Village,9832100078
d153230d-2229-4cf1-b7b2-5cbf40950656,Gautam Mukherjee,23,male,Kakdwip Village,9832100079
c5913899-6a51-4466-9aee-f8c7e5ce0427,Sunita Mahato,61,female,Rampur Village,9832100080
f1128653-5185-4cb9-b601-76df560a05a6,Bikram Roy,70,male,Rampur Village,9832100081
a67f55af-6839-442b-8a83-e906b3bff513,Kavita Bhowmick,36,female,Joypur Village,9832100082
7dd6547e-cd88-49c6-9d66-46130da337ac,Pradip Mondal,36,male,Kakdwip Village,9832100083
c7009849-78ea-40d5-a217-410472433153,Ananya Pal,53,female,Diamond Harbour Village,9832100084
74ff7205-2317-481f-a83e-fcef06f7f2ef,Tarun Mukherjee,69,male,Canning Village,9832100085
388b06a1-031f-427e-b21f-10a6f7b15acd,Pooja Mukherjee,69,female,Joypur Village,9832100086
d728209e-9414-4b6e-8502-c59bc6e43729,Subhash Bhowmick,66,male,Joypur Village,9832100087
97885943-8706-4374-8e49-1e0186500804,Rita Sarkar,27,female,Rampur Village,9832100088
ac2fb20f-6ca0-4d6a-a1d6-41d40d02d7e9,Debasish Ghosh,48,male,Rampur Village,9832100089
45f25399-3cc1-4d9a-b1f5-939b7b4ebcd1,Ananya Chatterjee,47,female,Diamond Harbour Village,9832100090
20f125ed-8e9b-4a1c-b282-40b50c443ac6,Bikram Saha,61,male,Kotulpur Village,9832100091
fa7b3d3d-5fd3-4b4a-801c-32e37b36203b,Mousumi Bhowmick,61,female,Barasat Village,9832100092
4ec3b053-4c25-4ff4-80ca-f725c6b06967,Sanjay Banerjee,19,male,Rampur Village,9832100093
81355ad0-7e6d-4be8-91a8-11ed6d0dcbc2,Priya Banerjee,51,female,Kakdwip Village,9832100094
2d59d0ef-30b7-4ec5-a741-616e229ca862,Amit Mondal,31,male,Kotulpur Village,9832100095
fcffe49b-6133-447e-b88a-eef2ed7e3065,Shampa Saha,42,female,Belur Village,9832100096
c5b41a93-ff28-4e83-8f19-9e5a5bacded3,Tapan Saha,19,male,Kotulpur Village,9832100097
164d8cf0-2d5d-4501-988c-91aaa95d7b5a,Shampa Mukherjee,59,female,Barasat Village,9832100098
560bda06-70e0-4672-9081-f616be40d482,Sujit Koley,67,male,Bishnupur Village,9832100099
84f11aa5-ddb4-4346-8a46-e36cc21e839f,Ananya Mondal,35,female,Sonamukhi Village,9832100100
