follow_up_task_id,patient_id,referral_id,scheduled_at,reason,status,completed_at
f89a9e47-e16e-4208-8b5f-2d0d0b43f83f,7904d9c0-7bc5-42d2-a4f2-52789bc4d321,cd6d4d88-6c71-46d6-9607-6fef9b41d7f6,2026-09-09T10:00:00+00:00,Post-discharge ASHA home monitoring and vitals verification,OVERDUE,
3acc5ef4-51c2-43c2-92d6-4a24e0a05281,092c4932-c0fe-4081-8946-a19b66c2e780,c452376b-a0a0-4fa6-803e-c3c18f78d261,2026-09-07T10:00:00+00:00,Post-discharge ASHA home monitoring and vitals verification,PENDING,
e884785c-8373-471b-b9d1-52acdb392134,f599ebdb-fa67-4b5d-8d7c-ab14bd749f03,99b5ec2e-d7db-416b-8751-7990a9609162,2026-09-12T10:00:00+00:00,Post-discharge ASHA home monitoring and vitals verification,COMPLETED,2026-08-12T10:00:00+00:00
ad073c90-27fb-4b9c-adbf-8c176b08feb0,5884703e-f76b-4a9b-b836-bd75425883ae,c6454e31-5509-4a51-b8ee-f5f8298a69d2,2026-09-07T10:00:00+00:00,Post-discharge ASHA home monitoring and vitals verification,COMPLETED,2026-08-01T10:00:00+00:00
9ac43003-fd1c-4593-8921-a349786faac0,235cade3-8b4a-4f78-9806-1fb6274f8aa4,6fde77da-c58b-4e85-ba48-8662ae1336e5,2026-09-08T10:00:00+00:00,Post-discharge ASHA home monitoring and vitals verification,PENDING,
ca3a19d9-2af0-4eb0-b10f-206ebcbefac4,290c95a0-c953-4dfd-9ccc-c0000e0b7063,6459d56e-c17f-4b29-ad59-de9b75d146e5,2026-09-10T10:00:00+00:00,Post-discharge ASHA home monitoring and vitals verification,OVERDUE,
82a0e755-e08c-4ba0-8117-bb6bd676472b,27a20c5a-91df-4cbf-bb07-b12cca9816ac,13b5f9a5-ebd6-45bd-a206-15c1a9d12bbe,2026-09-07T10:00:00+00:00,Post-discharge ASHA home monitoring and vitals verification,COMPLETED,2026-08-18T10:00:00+00:00
f96386c3-3e54-4028-b11c-0c2127943a66,b3372bfd-3fe5-42ff-9c74-1d58911cd7c8,7c13621f-fa23-4ce3-9096-2afb8a54bc4e,2026-09-10T10:00:00+00:00,Post-discharge ASHA home monitoring and vitals verification,COMPLETED,2026-08-06T10:00:00+00:00
357ef323-296f-44d1-8785-839b4372fd0a,f4e93599-65f1-4e97-bae7-b6851ed541ab,df782902-8205-4f9b-8823-1391ff49e92c,2026-09-08T10:00:00+00:00,Post-discharge ASHA home monitoring and vitals verification,OVERDUE,
09c88e31-3f85-4a29-a0a0-38c871c4acf4,a583e9fa-44ab-4a8b-85c3-c8a4d355f707,8ea1a7bc-0b3e-44a3-89d4-9ac4e18de1fc,2026-09-12T10:00:00+00:00,Post-discharge ASHA home monitoring and vitals verification,PENDING,
3c4c4227-f94f-4e37-abc2-c776fa320cee,59e3e6f5-1972-44dc-883a-ebceb9bdec22,2524285b-2cb1-4fa3-89f3-945b8f65237d,2026-09-11T10:00:00+00:00,Post-discharge ASHA home monitoring and vitals verification,COMPLETED,2026-08-27T10:00:00+00:00
5ca95bb7-da47-4f06-94f3-34e89c383e5c,33d1008d-9274-4ae7-b5e6-5c98865808d0,31bee0f8-7185-4999-b7fc-ac856f3177d2,2026-09-10T10:00:00+00:00,Post-discharge ASHA home monitoring and vitals verification,COMPLETED,2026-08-24T10:00:00+00:00
0f14b4ff-c46b-4d83-95ab-50a34303998d,451d2ae1-7dbc-49bf-ab29-d2c5f6b7b2dc,926417ca-de46-4523-a263-67a332074083,2026-09-07T10:00:00+00:00,Post-discharge ASHA home monitoring and vitals verification,PENDING,
05be7452-eb01-46fe-b936-130c5e04c397,50d90621-95aa-47ba-9d15-6c68194b7fdc,25d5b307-82c8-409a-ac6d-c536180cf480,2026-09-09T10:00:00+00:00,Post-discharge ASHA home monitoring and vitals verification,OVERDUE,
e5b8c65d-ec6b-4220-b270-cfc818a70507,3d274ab5-b0c1-4964-9133-75e62aec2b5c,853fd897-b0dd-41b8-9811-295b5c138bc8,2026-09-09T10:00:00+00:00,Post-discharge ASHA home monitoring and vitals verification,COMPLETED,2026-08-03T10:00:00+00:00
aef58fc7-0293-4914-8204-15be9f37dfc7,295ef57f-b72e-4705-94f7-db00f4364ccd,26cbf8e0-f0a0-47c8-9737-2aead56c2f8d,2026-09-07T10:00:00+00:00,Post-discharge ASHA home monitoring and vitals verification,COMPLETED,2026-08-07T10:00:00+00:00
a219913f-abe2-482d-97bb-1aa50919a9a1,c91ac8db-8d01-4324-b295-a7ea09925bf3,8e0bce4f-f69e-4076-aee5-46b76451762d,2026-09-09T10:00:00+00:00,Post-discharge ASHA home monitoring and vitals verification,OVERDUE,
ee242979-2109-4d0c-a0a2-d0c8e605cab2,595d64a3-0606-4360-9dd8-8e3f2868eb23,d27cf5c9-26b3-4195-8d9d-a8d91934052b,2026-09-09T10:00:00+00:00,Post-discharge ASHA home monitoring and vitals verification,PENDING,
ec7ef5ca-a018-47e1-9dff-f93e9558ad1f,c813d152-e444-4d6a-b3f5-200075bb3e22,e1dbb2c2-2e10-425f-9cb0-87e00a3de695,2026-09-10T10:00:00+00:00,Post-discharge ASHA home monitoring and vitals verification,COMPLETED,2026-08-18T10:00:00+00:00
c1ab3911-64f3-4549-abd3-674211422397,b806aa25-41cb-40db-b439-e944250bb95d,4d18e5aa-a571-4b1c-bcef-3e854402d6e6,2026-09-08T10:00:00+00:00,Post-discharge ASHA home monitoring and vitals verification,COMPLETED,2026-08-17T10:00:00+00:00
adb1f4d4-4be4-479c-8edd-0f9bf6035e77,c5913899-6a51-4466-9aee-f8c7e5ce0427,88623970-508d-47d0-b890-68a1e7ef6452,2026-09-12T10:00:00+00:00,Post-discharge ASHA home monitoring and vitals verification,PENDING,
afdfaa8c-bb0e-41aa-817f-48d54b3ab5a5,f1128653-5185-4cb9-b601-76df560a05a6,c2397e6d-7324-4920-b74a-a1d87e6d26f7,2026-09-10T10:00:00+00:00,Post-discharge ASHA home monitoring and vitals verification,OVERDUE,
589b4cac-9425-4f9f-9a15-c6b040ba3a50,a67f55af-6839-442b-8a83-e906b3bff513,92366459-cfbf-4e1d-87f4-7a4d29738e7f,2026-09-09T10:00:00+00:00,Post-discharge ASHA home monitoring and vitals verification,COMPLETED,2026-08-25T10:00:00+00:00
84bf2502-7dc1-47f9-bace-5d06071140bb,7dd6547e-cd88-49c6-9d66-46130da337ac,4ead3839-cea3-4744-b8fd-81f56ce3a12b,2026-09-08T10:00:00+00:00,Post-discharge ASHA home monitoring and vitals verification,COMPLETED,2026-08-31T10:00:00+00:00
8f6bc985-e541-4f5a-a2f3-693f300491b1,81355ad0-7e6d-4be8-91a8-11ed6d0dcbc2,d4595d66-a429-4dc2-a6e0-aaedfb8a1e84,2026-09-12T10:00:00+00:00,Post-discharge ASHA home monitoring and vitals verification,OVERDUE,
5a52f2ae-5441-468b-97bf-186075545456,2d59d0ef-30b7-4ec5-a741-616e229ca862,cca5caf6-9b16-4204-bf08-021fd78bde89,2026-09-12T10:00:00+00:00,Post-discharge ASHA home monitoring and vitals verification,PENDING,
3b3030d2-e168-46c3-9e71-dee692652d6c,fcffe49b-6133-447e-b88a-eef2ed7e3065,61add257-d02b-43d2-89ee-9edd052c50a1,2026-09-11T10:00:00+00:00,Post-discharge ASHA home monitoring and vitals verification,COMPLETED,2026-08-28T10:00:00+00:00
495ff82d-d90f-4b01-86e8-a309b06c4a6f,c5b41a93-ff28-4e83-8f19-9e5a5bacded3,fed9e3e5-f020-4d06-a56b-c3e19c6b7d36,2026-09-08T10:00:00+00:00,Post-discharge ASHA home monitoring and vitals verification,COMPLETED,2026-08-06T10:00:00+00:00
52517c7a-1557-42d0-ac68-81a36a795109,e8442467-e3c8-479a-96f1-d2ddc6e3c0a0,712dac3f-bb4b-4550-86a3-3ece65b7e656,2026-09-07T10:00:00+00:00,Post-discharge ASHA home monitoring and vitals verification,PENDING,
4bba29a7-02c6-4908-a58d-12f58320ece2,f6b7ae26-b513-4f2a-bd43-f96a65c2777f,7acff4fa-e06f-4603-a3dd-777b0c45f380,2026-09-11T10:00:00+00:00,Post-discharge ASHA home monitoring and vitals verification,OVERDUE,
ab552939-9a66-4cb4-b006-f9adde23a2cb,01b97395-d79b-43f9-9c98-0feb76b0bee7,6a5e4bf3-ece8-4ab8-a0b6-ae1b3231a76b,2026-09-10T10:00:00+00:00,Post-discharge ASHA home monitoring and vitals verification,COMPLETED,2026-08-22T10:00:00+00:00
116066a7-88a0-4435-aab5-d5831ab92537,92bdd923-6941-4721-a3bd-6fad4760b882,2b065fd6-66b0-42e9-bb0c-a488e0df4f7b,2026-09-11T10:00:00+00:00,Post-discharge ASHA home monitoring and vitals verification,COMPLETED,2026-08-01T10:00:00+00:00
eff5a887-e2b3-4f8f-af5b-c758ef3ecfe4,20aa088c-4ebc-4b5d-a92a-1c9a00f2cc96,8d2471a5-094e-49b0-bf4c-fedf01ca44e1,2026-09-12T10:00:00+00:00,Post-discharge ASHA home monitoring and vitals verification,OVERDUE,
64ff6d24-9843-46de-8faf-c56b9570ce66,1e7bf6e3-e438-4a39-944a-ef41223acc98,5003fd32-da9d-4fd1-a495-a0b54a8aa7a8,2026-09-10T10:00:00+00:00,Post-discharge ASHA home monitoring and vitals verification,PENDING,
2cbd6fd0-6ba4-4931-9c76-5295fd0db876,1e7bf6e3-e438-4a39-944a-ef41223acc98,007e2a93-841e-4049-b181-11ac9a067de4,2026-09-11T10:00:00+00:00,Post-discharge ASHA home monitoring and vitals verification,COMPLETED,2026-08-11T10:00:00+00:00
8c8e1474-f56b-495e-9f95-ed34ff99af7c,af83553c-2c04-42ba-bc0c-fdd0438ad361,e80c0d2a-09ac-4957-a8c7-1907acea5257,2026-09-09T10:00:00+00:00,Post-discharge ASHA home monitoring and vitals verification,COMPLETED,2026-08-20T10:00:00+00:00
e6f22135-49b0-4801-96d5-fab598177028,ae1aff47-38d1-4389-94bf-72c501e039f9,32c4ad86-88ef-49cd-ae3a-38e85dda1f51,2026-09-12T10:00:00+00:00,Post-discharge ASHA home monitoring and vitals verification,PENDING,
a9611438-cd3a-4e0b-a21d-271ebf0fcbf8,9ceb99d0-5598-4592-adda-59574c5e2088,3dab1fae-197f-4587-8064-a2ce83e15043,2026-09-08T10:00:00+00:00,Post-discharge ASHA home monitoring and vitals verification,OVERDUE,
7a8fff11-8598-447e-a194-19f0369e77c9,4bef40c0-d88c-4454-89d6-06d4bcc42fc0,e50bf4c0-d0c9-43c2-9c43-d7a9552174b5,2026-09-09T10:00:00+00:00,Post-discharge ASHA home monitoring and vitals verification,COMPLETED,2026-08-03T10:00:00+00:00
0fcb353f-f3f9-4199-8f31-d11476335cca,235cade3-8b4a-4f78-9806-1fb6274f8aa4,0b4aeb22-a078-4a4b-b91a-f0c44eb7b7f6,2026-09-11T10:00:00+00:00,Post-discharge ASHA home monitoring and vitals verification,COMPLETED,2026-08-16T10:00:00+00:00
22e2796d-5234-4266-8ba4-95e8717a0256,fd7aed08-6826-4615-a1d4-f1161d1e18d8,674383ac-8fa9-4c81-8441-204ad471a7d7,2026-09-12T10:00:00+00:00,Post-discharge ASHA home monitoring and vitals verification,OVERDUE,
797a6bfb-f36e-4075-a19a-deea7d8e04bf,8830d073-124d-4d9f-ad15-6f36a82cad52,8206e7d8-488e-408e-b789-21b1c43a579a,2026-09-09T10:00:00+00:00,Post-discharge ASHA home monitoring and vitals verification,PENDING,
83c3a9f8-9a37-4c1c-9f20-92bc79a661cd,58ef8297-cadb-44b3-ab23-23a028306e2d,c2fe2aa9-b256-4b3b-a574-d19b2bd60f7e,2026-09-12T10:00:00+00:00,Post-discharge ASHA home monitoring and vitals verification,COMPLETED,2026-08-04T10:00:00+00:00
999624fe-a2a2-4c56-8235-b6246e42a917,56143012-ec84-4aef-8a4e-3929db202949,4dfd9569-4178-4976-ae76-d5b62b08716b,2026-09-10T10:00:00+00:00,Post-discharge ASHA home monitoring and vitals verification,COMPLETED,2026-08-07T10:00:00+00:00
